id,first_name,last_name,email,gender,contactNo,country,dob
1,Nikolaus,Esslemont,nesslemont0@topsy.com,Male,961-892-5327,Honduras,05.08.2022
2,Kissiah,Figgess,kfiggess1@yellowpages.com,Female,936-712-1368,Indonesia,24.12.2021
3,Blayne,Hegarty,bhegarty2@aboutads.info,Male,541-127-6375,Syria,11.09.2022
4,Damiano,Passmore,dpassmore3@is.gd,Polygender,336-671-1899,United States,02.09.2022
5,Joshuah,Franklen,jfranklen4@addtoany.com,Male,608-135-0766,Ecuador,05.12.2022
6,Marshal,Bonny,mbonny5@shinystat.com,Bigender,398-345-6856,Indonesia,26.05.2022
7,Morie,Hebner,mhebner6@seattletimes.com,Male,958-610-5374,Poland,25.08.2022
8,Susan,Hedlestone,shedlestone7@bigcartel.com,Female,382-451-4770,Peru,25.03.2022
9,Lauren,Leeuwerink,lleeuwerink8@umn.edu,Male,591-520-6738,Serbia,07.10.2022
10,Keven,Plett,kplett9@sfgate.com,Male,959-348-0136,China,11.05.2022
11,Coop,Catlow,ccatlowa@delicious.com,Male,214-538-6605,Finland,26.02.2022
12,Arvin,Damp,adampb@taobao.com,Genderqueer,590-435-0267,Guatemala,07.05.2022
13,Hogan,Enbury,henburyc@cargocollective.com,Male,968-763-1349,Tunisia,27.05.2022
14,Louie,Conring,lconringd@sfgate.com,Male,529-249-0571,Kazakhstan,01.07.2022
15,Angelina,Segar,asegare@dion.ne.jp,Female,449-347-0258,Iran,30.07.2022
16,Archy,Fairhall,afairhallf@skype.com,Male,501-655-0684,Russia,05.03.2022
17,Mirabella,Sides,msidesg@discuz.net,Female,747-428-9887,China,03.12.2022
18,Nikolai,Ludwell,nludwellh@google.com.au,Male,192-754-9074,Peru,28.06.2022
19,Sarita,Durante,sdurantei@admin.ch,Female,193-903-6270,Vanuatu,07.02.2022
20,Annabella,Northover,anorthoverj@squidoo.com,Female,276-765-7803,Peru,13.04.2022
21,Gallagher,Covil,gcovilk@miibeian.gov.cn,Male,305-195-8882,Portugal,25.06.2022
22,Cointon,Kiernan,ckiernanl@newsvine.com,Male,518-107-4376,France,29.12.2021
23,Swen,Stoyle,sstoylem@blogspot.com,Male,756-433-6229,China,14.03.2022
24,Martita,Genthner,mgenthnern@globo.com,Female,624-750-8566,China,21.01.2022
25,Alfonso,Lymbourne,alymbourneo@nationalgeographic.com,Male,460-388-4186,China,27.11.2022
26,Lonna,Wederell,lwederellp@bloglovin.com,Female,863-790-5721,Philippines,20.10.2022
27,Gary,Hartshorne,ghartshorneq@jimdo.com,Male,177-522-1681,Poland,14.12.2022
28,Rurik,Korneichuk,rkorneichukr@freewebs.com,Male,700-518-2853,Vietnam,12.02.2022
29,Margaretta,Giovannacci,mgiovannaccis@pcworld.com,Female,644-105-1180,Indonesia,29.11.2022
30,Alexis,Shipston,ashipstont@stanford.edu,Male,543-929-8782,Belarus,01.08.2022
31,Salomon,Seagrove,sseagroveu@tiny.cc,Male,510-406-0579,Bangladesh,11.03.2022
32,Louisette,Tulleth,ltullethv@techcrunch.com,Female,159-405-6725,Poland,19.04.2022
33,Pierre,Bauman,pbaumanw@earthlink.net,Male,204-526-2511,Sweden,29.06.2022
34,Hendrika,Krabbe,hkrabbex@discovery.com,Female,915-165-5956,Philippines,07.05.2022
35,Clari,Creed,ccreedy@live.com,Female,225-987-2919,Serbia,21.03.2022
36,Papageno,Bowditch,pbowditchz@flavors.me,Male,995-301-3055,China,31.05.2022
37,Kimberlee,Meynell,kmeynell10@bbc.co.uk,Female,694-469-5783,Morocco,29.01.2022
38,Granville,Chirm,gchirm11@ihg.com,Male,481-758-9636,Philippines,07.11.2022
39,Cecelia,Carlon,ccarlon12@apache.org,Female,127-219-7518,Costa Rica,11.03.2022
40,Fionnula,Limpertz,flimpertz13@guardian.co.uk,Female,753-474-9011,Armenia,04.02.2022
41,Annelise,Copcott,acopcott14@noaa.gov,Polygender,861-351-2712,Chile,12.01.2022
42,Adoree,O'Kynsillaghe,aokynsillaghe15@fda.gov,Female,753-724-4433,China,01.06.2022
43,Darwin,Fulker,dfulker16@trellian.com,Male,454-811-0631,Iran,01.08.2022
44,Maude,Ledstone,mledstone17@wufoo.com,Female,926-463-8124,Greece,09.10.2022
45,Keene,Becom,kbecom18@hp.com,Male,469-390-6400,Poland,16.04.2022
46,Noellyn,Looby,nlooby19@chicagotribune.com,Female,853-959-9115,Poland,24.02.2022
47,Damien,Diable,ddiable1a@uol.com.br,Male,983-827-2293,China,28.11.2022
48,Philipa,Broadbere,pbroadbere1b@liveinternet.ru,Female,667-784-7231,Ukraine,04.11.2022
49,Jerrylee,Radage,jradage1c@cmu.edu,Female,446-686-4580,Peru,01.09.2022
50,Sander,Careswell,scareswell1d@linkedin.com,Male,838-121-0691,China,10.11.2022
51,Bertine,Jeschner,bjeschner1e@sphinn.com,Female,861-150-4003,Philippines,26.04.2022
52,Nat,Bonnaire,nbonnaire1f@arizona.edu,Genderqueer,479-628-6256,Ukraine,04.12.2022
53,Edgard,Fairbrother,efairbrother1g@macromedia.com,Male,621-316-3087,France,08.08.2022
54,Carney,Ettritch,cettritch1h@gnu.org,Agender,540-388-3183,Madagascar,13.05.2022
55,Marigold,Artrick,martrick1i@yellowpages.com,Female,636-578-0751,Russia,13.09.2022
56,Agretha,Stubbs,astubbs1j@wikipedia.org,Genderqueer,980-133-8941,Greece,09.04.2022
57,Bibbye,Chater,bchater1k@e-recht24.de,Female,849-931-1448,Ukraine,31.03.2022
58,Greer,Prevett,gprevett1l@buzzfeed.com,Female,553-907-5728,Chad,20.01.2022
59,Morten,Hesbrook,mhesbrook1m@google.ca,Male,568-999-1871,Italy,22.02.2022
60,Ajay,Theobalds,atheobalds1n@merriam-webster.com,Female,708-825-9422,Indonesia,23.09.2022
61,Babette,Haster,bhaster1o@jigsy.com,Female,763-195-9394,China,19.12.2021
62,Crysta,Avrahamov,cavrahamov1p@trellian.com,Female,745-876-0301,China,14.02.2022
63,Ben,Idle,bidle1q@soundcloud.com,Male,365-761-2550,Philippines,21.12.2021
64,Clarine,Amsden,camsden1r@washingtonpost.com,Agender,292-966-2551,China,17.12.2021
65,Leyla,McBain,lmcbain1s@bigcartel.com,Female,938-919-0972,Ireland,31.01.2022
66,Cathe,Smallpeice,csmallpeice1t@paginegialle.it,Genderqueer,147-304-9637,Azerbaijan,14.10.2022
67,Findley,Rudledge,frudledge1u@printfriendly.com,Male,245-764-5419,China,22.09.2022
68,Ulberto,Ilyuchyov,uilyuchyov1v@merriam-webster.com,Male,712-273-7347,Czech Republic,19.09.2022
69,Garik,Upham,gupham1w@apache.org,Male,943-995-9330,China,12.03.2022
70,Gregorio,Renish,grenish1x@livejournal.com,Male,925-659-0673,China,21.11.2022
71,Leigh,Monkleigh,lmonkleigh1y@indiatimes.com,Male,539-596-3192,Norway,29.04.2022
72,Marna,Skahill,mskahill1z@imdb.com,Female,364-718-4513,Nicaragua,21.01.2022
73,Willamina,Hartopp,whartopp20@hhs.gov,Female,258-200-9414,Russia,07.03.2022
74,Gabey,McClurg,gmcclurg21@reddit.com,Female,349-816-6141,Afghanistan,12.10.2022
75,Skipton,Halleybone,shalleybone22@cornell.edu,Male,560-244-6376,China,17.09.2022
76,Ernesto,Tills,etills23@de.vu,Male,617-530-0187,Poland,12.05.2022
77,Dyanne,Normandale,dnormandale24@yolasite.com,Female,110-175-6167,China,05.12.2022
78,Cloe,Battye,cbattye25@4shared.com,Female,378-957-3729,Poland,13.08.2022
79,Petra,Davy,pdavy26@admin.ch,Polygender,177-388-6035,Philippines,20.07.2022
80,Prince,Greensted,pgreensted27@seattletimes.com,Male,795-183-5339,Sweden,16.02.2022
81,Aleece,Pattrick,apattrick28@mayoclinic.com,Female,640-829-2190,Norway,14.07.2022
82,Dag,Kenwright,dkenwright29@prlog.org,Male,485-932-6554,China,02.12.2022
83,Jilleen,Train,jtrain2a@jugem.jp,Female,555-554-5591,Philippines,23.03.2022
84,Patrizio,Lightewood,plightewood2b@spotify.com,Male,464-122-9180,China,07.01.2022
85,Karlan,Mannock,kmannock2c@blogger.com,Non-binary,197-320-7343,Colombia,06.04.2022
86,Lewiss,Pappin,lpappin2d@slate.com,Genderfluid,175-332-1839,China,02.12.2022
87,Marna,Cannavan,mcannavan2e@sbwire.com,Female,529-863-2178,Malaysia,18.02.2022
88,Waverley,Lince,wlince2f@homestead.com,Genderqueer,714-240-2786,Ukraine,15.04.2022
89,Giff,Isakowicz,gisakowicz2g@ucla.edu,Male,783-294-0542,Mauritius,16.11.2022
90,Manuel,O Mullen,momullen2h@yandex.ru,Male,569-216-6138,Poland,15.04.2022
91,Joshua,Midner,jmidner2i@mlb.com,Male,199-709-4459,China,28.05.2022
92,Sanders,Simmgen,ssimmgen2j@examiner.com,Male,392-580-9185,China,10.07.2022
93,Fonz,Killingbeck,fkillingbeck2k@narod.ru,Male,557-817-9715,Brazil,02.05.2022
94,Maris,Eunson,meunson2l@nifty.com,Female,646-779-2670,Brazil,01.07.2022
95,Maggi,Beldam,mbeldam2m@printfriendly.com,Female,991-881-4268,Sweden,31.01.2022
96,Stillman,Dowbiggin,sdowbiggin2n@cpanel.net,Male,619-191-0503,Panama,02.03.2022
97,Olivia,Edling,oedling2o@example.com,Female,984-919-2248,Ukraine,12.09.2022
98,Louella,Suckling,lsuckling2p@jimdo.com,Female,800-821-3036,China,14.12.2022
99,Clayton,Hubert,chubert2q@hc360.com,Male,208-416-0437,Thailand,14.01.2022
100,Consalve,Coat,ccoat2r@dmoz.org,Male,970-973-2715,Portugal,19.04.2022
101,Nicola,O'Calleran,nocalleran2s@tamu.edu,Non-binary,400-164-7276,Argentina,15.05.2022
102,Silvain,Searchwell,ssearchwell2t@mail.ru,Male,485-514-7790,Sweden,18.11.2022
103,Viola,O'Dowling,vodowling2u@hud.gov,Female,602-942-3095,Colombia,16.08.2022
104,Glennis,Summerley,gsummerley2v@artisteer.com,Bigender,819-905-3293,Venezuela,21.05.2022
105,Donia,Grigoliis,dgrigoliis2w@ox.ac.uk,Female,513-658-9720,Russia,09.05.2022
106,Artur,Farland,afarland2x@jugem.jp,Male,352-237-0899,Cape Verde,04.03.2022
107,Hilary,Pickance,hpickance2y@weather.com,Female,242-158-7310,Zambia,12.09.2022
108,Wye,Nowland,wnowland2z@google.co.uk,Male,249-768-9366,Colombia,06.10.2022
109,Sullivan,Searson,ssearson30@webmd.com,Male,230-146-4946,China,03.09.2022
110,Frederica,Duly,fduly31@epa.gov,Female,852-402-1450,Argentina,17.03.2022
111,Hilly,Garces,hgarces32@usgs.gov,Male,450-963-6756,Sweden,18.04.2022
112,Kari,Perrett,kperrett33@tinypic.com,Female,938-398-0963,Mexico,12.03.2022
113,Noni,Trippick,ntrippick34@comsenz.com,Non-binary,844-879-2932,Pakistan,24.03.2022
114,Obediah,Zelland,ozelland35@mac.com,Male,162-371-1256,Palau,23.07.2022
115,Ennis,Brolly,ebrolly36@free.fr,Male,830-581-9405,China,12.07.2022
116,Albrecht,Smeeton,asmeeton37@cam.ac.uk,Male,192-717-6704,Ukraine,23.09.2022
117,Claybourne,Jacqueminot,cjacqueminot38@jalbum.net,Male,285-115-3360,Uruguay,27.05.2022
118,Lowell,Sherlaw,lsherlaw39@blog.com,Male,308-647-1884,China,31.08.2022
119,Ailey,Espy,aespy3a@shutterfly.com,Female,435-762-7635,Macedonia,28.01.2022
120,Rahal,Brambill,rbrambill3b@surveymonkey.com,Female,366-495-1351,France,14.01.2022
121,Vinny,Matveiko,vmatveiko3c@i2i.jp,Male,939-993-2303,Poland,30.05.2022
122,Eugene,Ogelbe,eogelbe3d@jugem.jp,Male,795-538-4107,Philippines,10.11.2022
123,Johan,Sammut,jsammut3e@state.tx.us,Male,611-962-5053,El Salvador,17.05.2022
124,Christoph,Canete,ccanete3f@networksolutions.com,Male,842-483-4455,Russia,27.07.2022
125,Anissa,Edmondson,aedmondson3g@tripod.com,Female,905-665-8129,Philippines,03.06.2022
126,Vanna,Frondt,vfrondt3h@desdev.cn,Female,560-154-1702,Indonesia,21.07.2022
127,Kamila,Paquet,kpaquet3i@blog.com,Female,161-161-3916,Sri Lanka,25.03.2022
128,Kippie,Lowers,klowers3j@adobe.com,Bigender,718-284-7478,United States,04.06.2022
129,Tymothy,Dymond,tdymond3k@phoca.cz,Male,508-738-1566,Palestinian Territory,28.03.2022
130,Haley,Guyot,hguyot3l@yelp.com,Male,555-376-9554,Greece,08.11.2022
131,Drew,De Angelis,ddeangelis3m@networkadvertising.org,Male,346-938-8359,Indonesia,13.02.2022
132,Carlina,Tuffey,ctuffey3n@jiathis.com,Female,882-893-8583,Portugal,08.08.2022
133,Ketti,Angeli,kangeli3o@last.fm,Female,804-283-7485,China,18.01.2022
134,Dunn,Treend,dtreend3p@skype.com,Male,811-121-6393,Russia,08.07.2022
135,Sibilla,Axelby,saxelby3q@hud.gov,Female,694-260-1028,Guatemala,17.05.2022
136,Mitchael,Prosh,mprosh3r@sun.com,Male,189-450-0436,Colombia,23.03.2022
137,Radcliffe,Rate,rrate3s@guardian.co.uk,Male,354-895-9070,Philippines,20.10.2022
138,Loria,Clynter,lclynter3t@globo.com,Female,373-650-3034,Canada,24.10.2022
139,Cammi,Bondesen,cbondesen3u@amazonaws.com,Female,327-681-4673,Russia,13.12.2022
140,Philomena,Christian,pchristian3v@newsvine.com,Female,402-135-7002,China,30.06.2022
141,Inga,Hamprecht,ihamprecht3w@whitehouse.gov,Female,398-467-1914,Ukraine,02.05.2022
142,Winny,Mangion,wmangion3x@prnewswire.com,Female,600-133-5221,China,26.05.2022
143,Dalli,Trevaskus,dtrevaskus3y@state.tx.us,Male,280-342-3287,Slovenia,31.03.2022
144,Debera,Infante,dinfante3z@accuweather.com,Female,387-258-5943,China,03.03.2022
145,Frasco,Dawidsohn,fdawidsohn40@dion.ne.jp,Male,799-584-1546,Russia,16.11.2022
146,Emylee,Jorissen,ejorissen41@amazon.com,Female,815-626-2102,Poland,06.01.2022
147,Valera,Jerson,vjerson42@360.cn,Genderqueer,887-156-6897,Poland,07.07.2022
148,Karoly,Harlick,kharlick43@360.cn,Female,287-446-1935,Russia,17.11.2022
149,Tobe,Niblock,tniblock44@army.mil,Male,443-900-6709,Cameroon,28.09.2022
150,Garwood,Damato,gdamato45@is.gd,Male,214-119-7624,El Salvador,19.05.2022
151,Osbert,Passie,opassie46@theguardian.com,Male,393-550-0281,Kazakhstan,07.01.2022
152,Hyacinthe,Quarry,hquarry47@free.fr,Female,745-217-0150,Sweden,20.05.2022
153,Mariette,Bernaldo,mbernaldo48@google.co.uk,Female,856-546-9234,Thailand,16.09.2022
154,Amalia,Yeldham,ayeldham49@springer.com,Female,240-926-0671,China,19.07.2022
155,Austina,Tinman,atinman4a@mapy.cz,Female,498-743-3053,Sweden,08.08.2022
156,Rhodie,Cotta,rcotta4b@tuttocitta.it,Female,218-111-8461,Philippines,30.12.2021
157,Dominick,Tims,dtims4c@skype.com,Male,539-965-5069,Peru,02.07.2022
158,Lucho,Holstein,lholstein4d@rakuten.co.jp,Male,609-164-1580,Syria,21.01.2022
159,Emory,Pavlenko,epavlenko4e@clickbank.net,Genderqueer,756-144-8959,Sweden,23.02.2022
160,Ardath,Willcott,awillcott4f@who.int,Female,965-753-2150,Poland,15.06.2022
161,Shawna,Safont,ssafont4g@51.la,Female,716-783-7318,United States,17.01.2022
162,Shaun,Sellan,ssellan4h@nasa.gov,Female,524-791-2748,Egypt,01.06.2022
163,Aggi,Maleck,amaleck4i@php.net,Female,722-784-4609,China,06.04.2022
164,Katya,Dockree,kdockree4j@sohu.com,Female,821-685-1308,China,03.08.2022
165,Anica,Rawson,arawson4k@biblegateway.com,Female,310-724-0895,Belarus,24.06.2022
166,Mellisent,Hanham,mhanham4l@macromedia.com,Female,181-622-1346,Portugal,21.12.2021
167,Querida,Thonger,qthonger4m@naver.com,Female,460-273-2680,Costa Rica,30.05.2022
168,Hammad,Beushaw,hbeushaw4n@desdev.cn,Genderfluid,910-268-8976,Mexico,05.01.2022
169,Lisbeth,Gebhard,lgebhard4o@cafepress.com,Female,617-982-2245,Indonesia,22.04.2022
170,Sholom,Deschlein,sdeschlein4p@answers.com,Male,117-189-2186,Honduras,25.01.2022
171,Harriette,Fawloe,hfawloe4q@ifeng.com,Female,118-172-7364,Japan,14.08.2022
172,Catina,Gowanson,cgowanson4r@wired.com,Female,842-518-9746,Bulgaria,22.11.2022
173,Leonhard,Trainer,ltrainer4s@google.de,Male,390-981-9059,Sweden,06.02.2022
174,Corenda,Corrigan,ccorrigan4t@google.com.au,Female,137-774-3508,Italy,20.11.2022
175,Rosco,Gravenor,rgravenor4u@google.co.jp,Male,448-649-4438,Argentina,17.12.2021
176,Zacharie,Kaye,zkaye4v@examiner.com,Male,848-766-0573,China,24.07.2022
177,Callie,Houlahan,choulahan4w@sakura.ne.jp,Female,579-214-4120,New Zealand,16.10.2022
178,Doe,Hemeret,dhemeret4x@cbc.ca,Female,147-460-0591,France,28.06.2022
179,Anetta,Wilde,awilde4y@soup.io,Female,229-375-3202,China,02.07.2022
180,Grayce,Hawksworth,ghawksworth4z@webs.com,Female,709-449-8528,Gambia,23.08.2022
181,Reuben,Weepers,rweepers50@businessinsider.com,Male,553-137-3778,Ireland,23.04.2022
182,Daryl,Santoro,dsantoro51@slate.com,Male,743-711-5882,China,21.07.2022
183,Melanie,Edgson,medgson52@stumbleupon.com,Female,581-560-2110,Philippines,12.09.2022
184,Erie,Scaddon,escaddon53@google.com,Male,396-771-7903,Thailand,14.10.2022
185,Georgina,Willas,gwillas54@mozilla.com,Female,962-632-1280,New Zealand,27.07.2022
186,Craggie,Pickervance,cpickervance55@youku.com,Male,654-754-6178,Benin,22.08.2022
187,Emelyne,Roubay,eroubay56@earthlink.net,Female,797-482-0998,Colombia,17.09.2022
188,Meredithe,Calcott,mcalcott57@patch.com,Female,291-486-1050,Brazil,06.11.2022
189,Robyn,Mullins,rmullins58@apache.org,Female,897-964-7178,Indonesia,10.01.2022
190,Jodi,Paulou,jpaulou59@ucla.edu,Genderfluid,576-269-5316,China,16.09.2022
191,Barclay,Yashanov,byashanov5a@cornell.edu,Male,808-391-8440,Indonesia,25.10.2022
192,Read,Faires,rfaires5b@nhs.uk,Male,567-151-3707,Indonesia,05.04.2022
193,Nell,Kinnen,nkinnen5c@live.com,Female,154-191-0551,Argentina,08.06.2022
194,Atlante,Coen,acoen5d@seattletimes.com,Female,606-836-5567,Russia,02.10.2022
195,Damiano,Phinnessy,dphinnessy5e@artisteer.com,Male,220-338-8104,Indonesia,20.03.2022
196,Jolyn,Sandwich,jsandwich5f@over-blog.com,Female,758-318-5670,Mali,26.04.2022
197,Thaddeus,Palleske,tpalleske5g@rakuten.co.jp,Male,736-833-8055,Indonesia,09.02.2022
198,Chloette,Hardiman,chardiman5h@shutterfly.com,Female,232-431-7205,China,30.12.2021
199,Joeann,Matthensen,jmatthensen5i@jugem.jp,Female,850-113-2436,Thailand,10.07.2022
200,Rip,Farfolomeev,rfarfolomeev5j@globo.com,Male,802-433-2790,Canada,18.09.2022
201,Celesta,Cottem,ccottem5k@slashdot.org,Female,556-500-5532,Thailand,01.03.2022
202,Had,McGeffen,hmcgeffen5l@yelp.com,Male,670-445-2134,Russia,12.04.2022
203,Cornelia,Agus,cagus5m@apache.org,Female,197-897-2487,Italy,19.07.2022
204,Kendal,Lockyer,klockyer5n@jalbum.net,Male,332-537-1576,France,25.01.2022
205,Hurleigh,Harnwell,hharnwell5o@mtv.com,Male,887-373-5300,Colombia,23.09.2022
206,Durante,Di Domenico,ddidomenico5p@lulu.com,Male,901-179-9411,Indonesia,21.02.2022
207,Kirbie,Harmes,kharmes5q@sourceforge.net,Agender,206-630-3004,Macedonia,08.05.2022
208,Trenton,Connolly,tconnolly5r@moonfruit.com,Male,454-618-6285,France,08.01.2022
209,Hayden,Whitton,hwhitton5s@amazon.de,Male,562-637-8448,United States,05.10.2022
210,Adolf,Hadden,ahadden5t@skype.com,Male,979-113-6199,Tanzania,02.06.2022
211,Nahum,Normanvill,nnormanvill5u@sfgate.com,Male,659-298-3224,Indonesia,15.12.2022
212,Merry,Rickard,mrickard5v@dion.ne.jp,Polygender,719-393-4169,Cuba,14.02.2022
213,Timotheus,Hovie,thovie5w@wikispaces.com,Male,838-930-4309,Mexico,19.10.2022
214,Maryjo,Stealy,mstealy5x@macromedia.com,Female,802-441-8800,South Korea,29.09.2022
215,Boniface,Compson,bcompson5y@columbia.edu,Male,288-599-0120,China,22.09.2022
216,Tome,De Ortega,tdeortega5z@printfriendly.com,Male,367-187-9646,Ukraine,28.11.2022
217,Vaughn,Irving,virving60@parallels.com,Male,821-456-6333,Indonesia,18.04.2022
218,Anna,Sandeman,asandeman61@youtube.com,Female,364-324-1127,China,11.03.2022
219,Kendal,Whyard,kwhyard62@github.io,Male,123-712-1741,Macedonia,26.04.2022
220,Graham,Pinare,gpinare63@themeforest.net,Male,299-154-4857,Cameroon,30.12.2021
221,Paxton,Dederick,pdederick64@squidoo.com,Male,456-812-1616,China,24.12.2021
222,Rikki,Enrico,renrico65@abc.net.au,Male,193-280-8525,Argentina,04.05.2022
223,Rafaellle,Bohey,rbohey66@blog.com,Male,366-515-8631,Ukraine,25.05.2022
224,Norbert,Thomassin,nthomassin67@addtoany.com,Male,702-848-4704,South Africa,21.03.2022
225,Domeniga,Earl,dearl68@csmonitor.com,Female,543-504-8804,Brazil,09.05.2022
226,Clemmy,Matthis,cmatthis69@diigo.com,Female,247-667-1107,Jamaica,19.08.2022
227,Yolanda,Breznovic,ybreznovic6a@twitter.com,Female,405-936-9545,United States,29.12.2021
228,Marika,Littleover,mlittleover6b@phpbb.com,Female,170-309-8929,Ukraine,12.01.2022
229,Leyla,Eilers,leilers6c@hud.gov,Female,631-325-0214,China,28.02.2022
230,Nicolais,Doggerell,ndoggerell6d@com.com,Bigender,850-725-1014,Martinique,16.11.2022
231,Agnesse,Wadman,awadman6e@ebay.co.uk,Female,646-933-8027,Tunisia,20.02.2022
232,Lucy,Densell,ldensell6f@imageshack.us,Female,443-751-9377,Tanzania,04.11.2022
233,Barbie,Fissenden,bfissenden6g@ebay.co.uk,Female,511-689-9949,Philippines,11.02.2022
234,Lazarus,Beahan,lbeahan6h@illinois.edu,Male,827-636-9330,Brazil,17.04.2022
235,Rebeka,MacCall,rmaccall6i@gizmodo.com,Female,300-685-9835,Kenya,28.12.2021
236,Luisa,Rasor,lrasor6j@vkontakte.ru,Female,253-946-1246,Philippines,18.09.2022
237,Heloise,Tippin,htippin6k@qq.com,Female,258-773-1733,Russia,27.11.2022
238,Michaella,Andree,mandree6l@foxnews.com,Female,824-382-8609,Indonesia,17.05.2022
239,Gabbie,Wythill,gwythill6m@tumblr.com,Female,115-372-1548,China,10.03.2022
240,Tamiko,Wenderoth,twenderoth6n@nsw.gov.au,Polygender,984-802-5892,Russia,28.07.2022
241,Wash,McOmish,wmcomish6o@bloglines.com,Male,896-248-2097,Bulgaria,14.05.2022
242,Briggs,Ridett,bridett6p@newsvine.com,Male,899-107-9005,Peru,02.01.2022
243,Gael,Brattan,gbrattan6q@amazon.de,Female,402-797-9131,Indonesia,29.05.2022
244,Dan,Connachan,dconnachan6r@wsj.com,Male,444-269-7187,Ukraine,17.02.2022
245,Irwin,Ackerley,iackerley6s@bluehost.com,Male,580-372-8370,Mexico,30.08.2022
246,Marmaduke,Calvey,mcalvey6t@newsvine.com,Male,778-787-1388,Malaysia,29.04.2022
247,Clarke,Bickerstaffe,cbickerstaffe6u@wisc.edu,Male,157-350-2772,Sri Lanka,25.02.2022
248,Sabine,Stangroom,sstangroom6v@freewebs.com,Female,119-981-7454,Aruba,02.04.2022
249,Linda,Whorton,lwhorton6w@utexas.edu,Female,953-442-4859,Peru,29.11.2022
250,Trace,Duckit,tduckit6x@businessinsider.com,Male,711-775-0419,Macedonia,07.09.2022
251,Helaine,Amesbury,hamesbury6y@digg.com,Genderfluid,236-190-9002,China,29.07.2022
252,Susette,Sprules,ssprules6z@yolasite.com,Non-binary,819-166-2318,Portugal,25.05.2022
253,Hurley,Braune,hbraune70@jimdo.com,Male,847-806-9595,Peru,17.10.2022
254,Emmit,Martschik,emartschik71@mozilla.org,Agender,456-550-7000,Guatemala,01.02.2022
255,Rosina,Wellbank,rwellbank72@microsoft.com,Female,235-373-3014,Croatia,07.06.2022
256,Gus,Whatson,gwhatson73@squarespace.com,Male,926-824-5496,Argentina,05.12.2022
257,Corinne,Martinolli,cmartinolli74@yahoo.co.jp,Female,859-324-8206,Ethiopia,20.05.2022
258,Lorianne,Cromly,lcromly75@feedburner.com,Polygender,103-818-6895,Moldova,27.04.2022
259,Aidan,Zumbusch,azumbusch76@engadget.com,Female,536-975-5217,China,19.05.2022
260,Laina,Snaddon,lsnaddon77@live.com,Female,242-364-9716,South Africa,03.10.2022
261,Gage,Knevett,gknevett78@scribd.com,Male,621-437-0915,Indonesia,02.11.2022
262,Bondie,Summersett,bsummersett79@dmoz.org,Male,892-445-8188,Japan,13.02.2022
263,Ruthie,Piotrowski,rpiotrowski7a@cafepress.com,Female,695-119-5320,Ukraine,20.03.2022
264,Ariela,O'Dowd,aodowd7b@cam.ac.uk,Female,406-564-9278,Indonesia,12.01.2022
265,Amerigo,Smeall,asmeall7c@instagram.com,Male,412-119-2101,Brazil,08.10.2022
266,Libbi,Kevis,lkevis7d@fda.gov,Female,488-183-7443,New Caledonia,20.08.2022
267,Nadya,Blewmen,nblewmen7e@usda.gov,Female,459-877-8609,Afghanistan,13.10.2022
268,Deborah,Agneau,dagneau7f@nyu.edu,Female,174-349-3077,Poland,20.04.2022
269,Morry,Fookes,mfookes7g@ftc.gov,Male,986-206-6171,Poland,22.02.2022
270,Bridgette,Sharpling,bsharpling7h@tinypic.com,Female,855-725-2929,Finland,21.04.2022
271,Waylan,Cadwell,wcadwell7i@cisco.com,Male,722-810-7093,Myanmar,06.01.2022
272,Roderic,Huggan,rhuggan7j@kickstarter.com,Male,356-275-5585,Russia,09.11.2022
273,Coral,Levens,clevens7k@zimbio.com,Female,863-221-6599,France,10.11.2022
274,Irwin,Jolliff,ijolliff7l@theguardian.com,Male,295-468-3048,Czech Republic,15.01.2022
275,Llywellyn,Jeandot,ljeandot7m@about.me,Male,436-764-4262,Dominican Republic,25.08.2022
276,Margo,Vedenyakin,mvedenyakin7n@vinaora.com,Female,615-240-9124,United States,29.03.2022
277,Corney,Fallanche,cfallanche7o@ucoz.com,Male,770-769-0138,China,17.01.2022
278,Leicester,Drysdall,ldrysdall7p@springer.com,Male,449-801-2649,Indonesia,10.12.2022
279,Vere,Harold,vharold7q@vinaora.com,Female,510-477-7596,Slovenia,07.12.2022
280,Nataline,Grew,ngrew7r@gov.uk,Female,910-526-9403,Greece,07.07.2022
281,Marla,Labrow,mlabrow7s@edublogs.org,Female,234-564-3846,China,07.04.2022
282,Giuseppe,Godden,ggodden7t@bandcamp.com,Male,305-255-2438,Russia,23.08.2022
283,Lavinie,Slorach,lslorach7u@craigslist.org,Female,939-709-8124,Poland,02.07.2022
284,Liva,Scandwright,lscandwright7v@uiuc.edu,Female,739-574-9315,Indonesia,08.08.2022
285,Sherm,Pipkin,spipkin7w@mapquest.com,Male,931-914-9678,China,08.06.2022
286,Winna,Reskelly,wreskelly7x@i2i.jp,Female,948-742-7421,Mongolia,18.01.2022
287,Sarena,Mowatt,smowatt7y@diigo.com,Female,196-138-8143,Philippines,08.01.2022
288,Gianina,Halpeine,ghalpeine7z@altervista.org,Female,428-137-2716,Indonesia,08.08.2022
289,Hartley,Govini,hgovini80@etsy.com,Male,160-420-4421,Nicaragua,03.01.2022
290,Kai,Stroulger,kstroulger81@ca.gov,Female,337-308-8619,Indonesia,17.08.2022
291,Nolie,Flaunier,nflaunier82@unesco.org,Female,322-653-9678,Indonesia,17.05.2022
292,Jeffry,Greenly,jgreenly83@fema.gov,Male,872-130-1476,Czech Republic,23.12.2021
293,Tatiana,Trobe,ttrobe84@europa.eu,Female,820-422-7569,Belarus,18.09.2022
294,Templeton,Naisbit,tnaisbit85@discuz.net,Male,913-862-3189,South Africa,31.03.2022
295,Blakelee,Trengove,btrengove86@sohu.com,Female,292-774-2845,Slovenia,04.09.2022
296,Madalyn,Conley,mconley87@jalbum.net,Female,223-108-4260,Costa Rica,30.09.2022
297,Matty,Grigorescu,mgrigorescu88@sitemeter.com,Male,670-211-3939,Iran,12.07.2022
298,Britney,Dalgetty,bdalgetty89@vistaprint.com,Female,803-647-5592,New Zealand,19.09.2022
299,Jermaine,Wyd,jwyd8a@wikia.com,Male,226-254-1969,China,27.07.2022
300,Odey,Bate,obate8b@stumbleupon.com,Male,635-134-4251,Indonesia,19.08.2022
301,Georgy,MacMechan,gmacmechan8c@blogspot.com,Male,596-448-5180,Albania,21.05.2022
302,Carmelina,Greenhalgh,cgreenhalgh8d@unicef.org,Bigender,643-714-7292,North Korea,13.11.2022
303,Tersina,Benz,tbenz8e@buzzfeed.com,Female,218-590-3015,Ethiopia,29.05.2022
304,Leena,Mahood,lmahood8f@wikia.com,Female,857-757-5380,China,16.09.2022
305,Arlinda,Drysdell,adrysdell8g@lulu.com,Female,503-410-6851,Morocco,06.01.2022
306,Kermy,Seago,kseago8h@soup.io,Male,323-685-0839,Mexico,28.04.2022
307,Jo,Bearblock,jbearblock8i@example.com,Genderqueer,871-400-0571,Syria,19.04.2022
308,Kahaleel,Lawrie,klawrie8j@salon.com,Male,853-884-4105,China,07.04.2022
309,Fay,Havoc,fhavoc8k@cocolog-nifty.com,Female,204-891-4423,Poland,20.02.2022
310,Babara,Abotson,babotson8l@huffingtonpost.com,Female,492-341-5864,Indonesia,21.08.2022
311,Cointon,Vidgeon,cvidgeon8m@php.net,Male,395-490-9568,China,18.05.2022
312,Wallis,Dransfield,wdransfield8n@weibo.com,Male,333-527-6114,Russia,28.12.2021
313,Melisande,Brok,mbrok8o@meetup.com,Female,414-933-2688,Poland,10.08.2022
314,Cherye,Diegan,cdiegan8p@addtoany.com,Female,150-132-0010,Portugal,13.05.2022
315,Berta,Taylerson,btaylerson8q@rambler.ru,Female,583-851-9947,Canada,20.10.2022
316,Balduin,Latliff,blatliff8r@sfgate.com,Male,656-681-0185,Cuba,29.03.2022
317,Ebonee,Mathewes,emathewes8s@barnesandnoble.com,Female,185-916-3146,China,23.02.2022
318,Stephen,Poles,spoles8t@vistaprint.com,Male,600-518-5271,Russia,18.12.2021
319,Amy,Gajownik,agajownik8u@tripadvisor.com,Female,705-627-5523,China,07.04.2022
320,Pepe,Van Brug,pvanbrug8v@t.co,Male,109-927-8903,China,09.08.2022
321,Benson,Jest,bjest8w@cam.ac.uk,Male,465-682-6518,Indonesia,17.06.2022
322,Remy,Dabrowski,rdabrowski8x@printfriendly.com,Female,938-660-6098,Russia,27.11.2022
323,Riley,Lowdes,rlowdes8y@chron.com,Male,719-334-6666,Democratic Republic of the Congo,17.01.2022
324,Onofredo,Gebuhr,ogebuhr8z@over-blog.com,Male,181-422-7273,China,04.01.2022
325,Malachi,McIleen,mmcileen90@spotify.com,Male,806-940-6607,China,03.05.2022
326,Gerti,Treby,gtreby91@merriam-webster.com,Female,571-309-8189,Russia,11.12.2022
327,Prentiss,Nisard,pnisard92@indiatimes.com,Male,425-919-9263,Philippines,21.02.2022
328,Derby,De Gouy,ddegouy93@hud.gov,Male,288-283-3989,Indonesia,23.10.2022
329,Sloan,Shakespear,sshakespear94@i2i.jp,Male,885-703-6658,Venezuela,22.08.2022
330,Lutero,Archbutt,larchbutt95@epa.gov,Male,467-806-5766,Mongolia,04.12.2022
331,Tuck,Goranov,tgoranov96@ca.gov,Male,133-913-0058,Indonesia,21.10.2022
332,Denny,Brimman,dbrimman97@utexas.edu,Female,760-929-2591,South Africa,13.03.2022
333,Pippa,Fifoot,pfifoot98@lulu.com,Female,482-730-7400,Albania,25.07.2022
334,Bartholemy,Fairbairn,bfairbairn99@harvard.edu,Male,305-817-4071,Macedonia,27.07.2022
335,Erastus,Persse,epersse9a@cnn.com,Male,368-262-0216,China,26.12.2021
336,Rafa,Charley,rcharley9b@narod.ru,Female,728-466-8263,Argentina,06.03.2022
337,Jacquelynn,Gathercole,jgathercole9c@dagondesign.com,Female,102-277-2688,Zimbabwe,29.07.2022
338,Ado,Fevier,afevier9d@usatoday.com,Male,128-816-4408,Indonesia,14.05.2022
339,Roby,Oblein,roblein9e@apple.com,Female,372-541-1529,Thailand,23.08.2022
340,Francois,Weitzel,fweitzel9f@oracle.com,Male,752-988-9200,Cyprus,02.09.2022
341,Mirabel,Mustarde,mmustarde9g@jugem.jp,Female,575-210-0545,France,22.10.2022
342,Breena,Cheel,bcheel9h@vistaprint.com,Female,958-584-5417,Finland,27.06.2022
343,Erskine,Linnock,elinnock9i@cdbaby.com,Male,229-608-9310,China,18.10.2022
344,Beniamino,Coase,bcoase9j@ustream.tv,Male,350-700-4449,Montenegro,18.03.2022
345,Yancy,Coyne,ycoyne9k@sphinn.com,Male,682-311-0422,Indonesia,12.06.2022
346,Elwood,Le Hucquet,elehucquet9l@uiuc.edu,Male,699-894-7177,Greece,16.05.2022
347,Garrett,D'Oyly,gdoyly9m@miibeian.gov.cn,Male,484-485-9069,Brazil,18.01.2022
348,Krystyna,Houlridge,khoulridge9n@ucoz.com,Female,414-396-3657,Lebanon,27.09.2022
349,Ikey,Speenden,ispeenden9o@t-online.de,Male,570-459-2356,China,19.09.2022
350,Nickolai,Crampsy,ncrampsy9p@lycos.com,Male,824-428-0991,Argentina,18.02.2022
351,Tobias,Corain,tcorain9q@cyberchimps.com,Bigender,145-963-7174,China,21.06.2022
352,Adolphe,Mowlam,amowlam9r@blinklist.com,Bigender,673-208-9152,Brazil,20.10.2022
353,Blake,Geeson,bgeeson9s@bbb.org,Female,465-150-8470,Bangladesh,12.09.2022
354,Juline,Danson,jdanson9t@arstechnica.com,Female,820-988-5541,Russia,01.02.2022
355,Keven,Pack,kpack9u@dagondesign.com,Male,427-379-8854,Brazil,07.01.2022
356,Noelle,Skowcraft,nskowcraft9v@facebook.com,Female,170-206-8025,Palestinian Territory,09.01.2022
357,Lavina,Filip,lfilip9w@youku.com,Female,901-479-7830,China,12.09.2022
358,Alethea,Croster,acroster9x@howstuffworks.com,Female,639-732-2536,Canada,01.08.2022
359,Leland,Gimbart,lgimbart9y@nih.gov,Female,563-537-2676,Russia,07.05.2022
360,Angelica,Libbie,alibbie9z@cyberchimps.com,Female,656-664-5438,Kosovo,29.05.2022
361,Gray,Pendlebery,gpendleberya0@netscape.com,Female,134-622-6698,China,07.02.2022
362,Amargo,Brittain,abrittaina1@stumbleupon.com,Female,354-731-8700,Portugal,05.02.2022
363,Christie,Fishleigh,cfishleigha2@chron.com,Female,392-502-9591,Mexico,19.12.2021
364,Ede,Vasyuchov,evasyuchova3@people.com.cn,Female,470-910-5940,Libya,10.12.2022
365,Fiona,Deniske,fdeniskea4@salon.com,Female,358-101-4487,China,03.08.2022
366,Zelda,Bruhnke,zbruhnkea5@ft.com,Female,424-639-7395,France,29.05.2022
367,Edwin,Elcock,eelcocka6@cocolog-nifty.com,Male,963-185-2700,Cyprus,17.05.2022
368,Ursa,Balloch,uballocha7@spiegel.de,Female,633-802-8936,Costa Rica,17.04.2022
369,Carrie,Sunners,csunnersa8@sitemeter.com,Female,538-372-9092,Slovenia,26.03.2022
370,Darice,Gohn,dgohna9@miibeian.gov.cn,Female,882-908-2733,Saudi Arabia,11.07.2022
371,Gracia,Gianninotti,ggianninottiaa@berkeley.edu,Female,724-692-9474,China,25.04.2022
372,Filip,Stoneham,fstonehamab@pen.io,Polygender,656-903-1333,Russia,03.05.2022
373,Christean,Shrive,cshriveac@ted.com,Female,415-975-6158,Brazil,21.07.2022
374,Fredia,Vittore,fvittoread@msu.edu,Female,842-337-6618,Tanzania,27.07.2022
375,Andeee,Janoschek,ajanoschekae@nhs.uk,Female,622-473-4845,Indonesia,29.01.2022
376,Ariela,Pelerin,apelerinaf@abc.net.au,Genderfluid,343-263-5961,Brazil,20.02.2022
377,Brina,Tideswell,btideswellag@plala.or.jp,Female,571-346-8219,China,25.06.2022
378,Lissie,Logsdail,llogsdailah@si.edu,Female,470-126-8011,Russia,24.02.2022
379,Carmelita,Cardenas,ccardenasai@skyrock.com,Genderqueer,656-849-9627,China,17.12.2021
380,Kathie,Elis,kelisaj@ftc.gov,Female,273-822-4075,Philippines,31.12.2021
381,Hodge,Millier,hmillierak@geocities.com,Male,315-382-6243,Dominican Republic,11.06.2022
382,Tawnya,Belcham,tbelchamal@skyrock.com,Female,355-421-6396,Greece,19.02.2022
383,Kalli,Najafian,knajafianam@who.int,Female,718-826-5027,Uruguay,21.01.2022
384,Cy,Brion,cbrionan@shareasale.com,Genderqueer,570-250-3789,Indonesia,16.02.2022
385,Bryanty,Scrivin,bscrivinao@sbwire.com,Male,616-711-6544,Syria,26.07.2022
386,Maggie,Yakobovitz,myakobovitzap@rakuten.co.jp,Female,993-802-4841,Portugal,25.01.2022
387,Denys,Snazel,dsnazelaq@umich.edu,Female,361-623-7178,Kosovo,29.12.2021
388,Vin,Faucett,vfaucettar@com.com,Female,434-972-2598,Poland,31.05.2022
389,Ivor,Amdohr,iamdohras@unblog.fr,Male,884-633-6485,Peru,19.03.2022
390,Yoshi,Trousdell,ytrousdellat@walmart.com,Non-binary,400-841-7182,Indonesia,24.01.2022
391,Jackie,Mildmott,jmildmottau@unblog.fr,Male,628-988-4790,Canada,16.10.2022
392,Cesare,Scholard,cscholardav@army.mil,Male,329-941-6770,Russia,21.10.2022
393,Mel,Calderhead,mcalderheadaw@cbsnews.com,Female,863-305-4617,Madagascar,12.04.2022
394,Bradford,Ciobutaro,bciobutaroax@scientificamerican.com,Genderqueer,653-624-8903,Namibia,01.11.2022
395,Carney,Doogood,cdoogooday@ameblo.jp,Male,641-571-1301,Colombia,04.10.2022
396,Tabitha,Hackney,thackneyaz@techcrunch.com,Female,593-338-2371,Poland,03.05.2022
397,Ettore,Dwyr,edwyrb0@google.cn,Male,960-971-6546,Turkmenistan,02.12.2022
398,Mac,Batram,mbatramb1@columbia.edu,Male,192-387-6820,France,06.07.2022
399,Ricki,Antonomolii,rantonomoliib2@mapquest.com,Female,118-202-3310,China,21.08.2022
400,Simonette,Clemmett,sclemmettb3@globo.com,Female,252-221-9625,Russia,22.11.2022
401,Matelda,Caig,mcaigb4@topsy.com,Female,168-146-9769,China,15.10.2022
402,Dillie,Streetley,dstreetleyb5@house.gov,Male,888-316-6678,Argentina,26.12.2021
403,Barbabra,Planks,bplanksb6@mashable.com,Bigender,682-891-7912,Peru,26.04.2022
404,Whitney,Rowston,wrowstonb7@cnet.com,Bigender,261-971-6030,Portugal,27.08.2022
405,Ulberto,Poyle,upoyleb8@1und1.de,Male,689-115-5951,Indonesia,09.09.2022
406,Tamarah,Meriet,tmerietb9@sohu.com,Female,378-278-9943,Azerbaijan,26.08.2022
407,Charo,Treversh,ctrevershba@wikia.com,Female,491-293-8087,Argentina,24.07.2022
408,Caddric,Polding,cpoldingbb@webeden.co.uk,Male,797-558-3747,Philippines,24.05.2022
409,Jenn,Tidd,jtiddbc@deliciousdays.com,Female,203-804-2507,Philippines,25.09.2022
410,Mercie,Lanchberry,mlanchberrybd@latimes.com,Female,728-304-9293,China,12.02.2022
411,Maud,Readshall,mreadshallbe@ihg.com,Female,883-874-9020,Azerbaijan,23.06.2022
412,Jeno,Regenhardt,jregenhardtbf@bizjournals.com,Male,520-627-5720,Peru,09.01.2022
413,Jeffie,Rogier,jrogierbg@google.co.jp,Agender,379-207-4052,Indonesia,30.04.2022
414,Camala,Sharpous,csharpousbh@zimbio.com,Female,345-266-5252,Mali,19.12.2021
415,Liz,Feathers,lfeathersbi@sciencedirect.com,Female,807-479-8733,Brazil,16.06.2022
416,Carmelita,Dursley,cdursleybj@mapquest.com,Bigender,524-840-1944,Philippines,13.01.2022
417,Myrvyn,Sevin,msevinbk@icq.com,Male,544-634-4291,Russia,23.06.2022
418,Bibbie,Dury,bdurybl@sciencedirect.com,Female,347-591-2714,Philippines,24.10.2022
419,Norri,Boys,nboysbm@arizona.edu,Female,162-381-3963,Yemen,15.01.2022
420,Jammie,Hudghton,jhudghtonbn@sun.com,Polygender,564-856-3271,Portugal,22.09.2022
421,Etienne,Dalrymple,edalrymplebo@cornell.edu,Male,508-409-5088,Sweden,13.01.2022
422,Stanley,Laurent,slaurentbp@nymag.com,Male,605-350-6532,Denmark,23.10.2022
423,Fanchette,Schneidau,fschneidaubq@icio.us,Female,931-234-5670,Russia,28.12.2021
424,Wadsworth,Hendrik,whendrikbr@lycos.com,Male,325-806-2049,Palau,30.08.2022
425,Polly,Thew,pthewbs@google.de,Female,171-564-2899,France,13.02.2022
426,Reynard,Alpes,ralpesbt@is.gd,Male,877-346-4148,Indonesia,29.10.2022
427,Verney,Kegley,vkegleybu@va.gov,Male,115-575-4102,Serbia,22.05.2022
428,Nichole,Payley,npayleybv@auda.org.au,Non-binary,263-833-6994,Indonesia,13.02.2022
429,Binnie,Bennedsen,bbennedsenbw@sciencedirect.com,Female,931-367-3775,Kenya,11.10.2022
430,Rabbi,Ambrogio,rambrogiobx@rambler.ru,Male,737-679-3006,Russia,27.09.2022
431,Kelly,Stutte,kstutteby@e-recht24.de,Female,913-529-8597,United States,16.03.2022
432,Katine,Nichol,knicholbz@cpanel.net,Female,193-582-1302,Peru,10.07.2022
433,Antoinette,Myles,amylesc0@gnu.org,Female,496-842-4184,Indonesia,19.12.2021
434,Seth,Roake,sroakec1@jiathis.com,Agender,637-553-9583,Canada,26.12.2021
435,Pascale,O' Dooley,podooleyc2@narod.ru,Male,350-448-3517,Portugal,21.03.2022
436,Gerrard,Nussen,gnussenc3@icio.us,Male,228-969-8261,Czech Republic,12.07.2022
437,Whitman,Dulanty,wdulantyc4@foxnews.com,Male,136-639-0057,Angola,19.09.2022
438,Julie,McKeurton,jmckeurtonc5@phpbb.com,Female,976-225-0441,Peru,19.11.2022
439,Cathie,O'Scandall,coscandallc6@europa.eu,Female,490-569-4813,Ireland,04.12.2022
440,Reginauld,Hawkwood,rhawkwoodc7@webs.com,Male,665-270-0636,Mexico,28.05.2022
441,Tynan,Frawley,tfrawleyc8@typepad.com,Male,462-698-1993,Indonesia,17.03.2022
442,Lexy,Wormell,lwormellc9@wired.com,Female,390-382-0653,Portugal,16.12.2021
443,Sybil,Dinse,sdinseca@cyberchimps.com,Female,753-505-0229,China,14.03.2022
444,Hunt,Mariot,hmariotcb@dell.com,Male,802-125-1795,Iran,14.11.2022
445,Yettie,Ricco,yriccocc@sakura.ne.jp,Female,264-143-4560,Belarus,29.09.2022
446,Tera,Finan,tfinancd@microsoft.com,Female,214-725-5125,Philippines,16.02.2022
447,Beniamino,Duer,bduerce@tmall.com,Polygender,428-268-9597,Poland,26.05.2022
448,Laverna,Levings,llevingscf@cocolog-nifty.com,Female,496-355-6464,China,13.09.2022
449,Wes,Forster,wforstercg@jugem.jp,Male,174-445-6077,Croatia,17.05.2022
450,Gris,MacSharry,gmacsharrych@umich.edu,Male,819-543-1813,China,13.10.2022
451,Perle,Hucquart,phucquartci@sciencedaily.com,Female,404-463-7394,Belarus,18.03.2022
452,Hube,Treherne,htrehernecj@github.com,Polygender,586-732-8973,Colombia,06.03.2022
453,Leopold,Leadbetter,lleadbetterck@oakley.com,Male,864-615-4952,Russia,09.03.2022
454,Faythe,Kinnon,fkinnoncl@webmd.com,Female,718-661-0771,Yemen,23.04.2022
455,Sinclair,Tremblett,stremblettcm@moonfruit.com,Male,395-218-3336,Poland,11.10.2022
456,Tanny,Newbigging,tnewbiggingcn@fda.gov,Male,284-542-6278,Indonesia,12.05.2022
457,Theo,Lazenby,tlazenbyco@hugedomains.com,Female,471-241-9395,Belarus,26.08.2022
458,Deanna,Yokel,dyokelcp@senate.gov,Agender,851-685-0630,China,17.09.2022
459,Mayor,Mack,mmackcq@oracle.com,Male,486-886-3285,Poland,08.09.2022
460,Isaiah,Appleby,iapplebycr@harvard.edu,Male,333-707-9293,Portugal,28.01.2022
461,Fran,Charle,fcharlecs@hibu.com,Male,102-166-9872,Italy,11.05.2022
462,Axel,Trevaskus,atrevaskusct@umich.edu,Male,721-229-8246,Bulgaria,31.07.2022
463,Marty,Jakel,mjakelcu@stanford.edu,Female,966-356-4594,Portugal,16.11.2022
464,Janna,McEwen,jmcewencv@fastcompany.com,Female,860-495-9574,France,12.08.2022
465,Glennie,Leuchars,gleucharscw@deliciousdays.com,Female,404-397-3514,China,06.05.2022
466,Carlyle,Rzehorz,crzehorzcx@goo.ne.jp,Male,199-379-0107,Iran,07.03.2022
467,Frederich,Teenan,fteenancy@sina.com.cn,Bigender,621-117-2341,Indonesia,21.07.2022
468,Odie,Whorton,owhortoncz@prlog.org,Male,102-112-5884,Indonesia,12.12.2022
469,Shandeigh,Nano,snanod0@hostgator.com,Female,839-289-7308,Portugal,07.10.2022
470,Godart,Caveney,gcaveneyd1@wikipedia.org,Male,777-914-5439,Brazil,12.12.2022
471,Allyn,Hoodless,ahoodlessd2@princeton.edu,Male,655-103-2912,Serbia,16.04.2022
472,Tim,Dreigher,tdreigherd3@webmd.com,Female,386-351-5393,France,31.10.2022
473,Bondie,Cawdron,bcawdrond4@hp.com,Male,578-757-6153,Bangladesh,20.03.2022
474,Juliette,Mutimer,jmutimerd5@furl.net,Female,432-809-9916,South Africa,22.08.2022
475,Jacinta,Menham,jmenhamd6@howstuffworks.com,Female,267-542-1056,Honduras,26.08.2022
476,Casie,Hilling,chillingd7@marriott.com,Female,858-589-8783,United States,30.06.2022
477,Nikki,Hocking,nhockingd8@hostgator.com,Male,456-921-7923,South Africa,19.08.2022
478,Aubrey,Frigot,afrigotd9@biblegateway.com,Female,802-834-1376,Indonesia,18.02.2022
479,John,Ryle,jryleda@sogou.com,Male,687-671-1994,China,03.01.2022
480,Valentin,Bilby,vbilbydb@addthis.com,Male,383-314-2676,Indonesia,20.12.2021
481,Merrielle,Merton,mmertondc@gizmodo.com,Female,629-486-7258,Norway,12.02.2022
482,Lauralee,Marciskewski,lmarciskewskidd@gov.uk,Female,799-936-4396,Israel,11.06.2022
483,Hansiain,Westcott,hwestcottde@mail.ru,Male,340-742-1559,Philippines,29.04.2022
484,Sybilla,Ambrodi,sambrodidf@seattletimes.com,Genderqueer,523-530-1854,China,28.04.2022
485,Lurleen,Claibourn,lclaibourndg@google.it,Genderfluid,550-101-3900,Thailand,14.07.2022
486,Haydon,Tomaino,htomainodh@mozilla.org,Male,943-394-4080,Germany,23.08.2022
487,Roberto,Whebell,rwhebelldi@wsj.com,Male,313-500-5055,China,12.01.2022
488,Marieann,Trimby,mtrimbydj@theguardian.com,Female,513-870-8475,Albania,20.05.2022
489,Hagan,Tampen,htampendk@rambler.ru,Male,196-818-1888,Czech Republic,20.11.2022
490,Adam,Hullot,ahullotdl@salon.com,Male,476-906-9800,Malaysia,04.03.2022
491,Frasquito,Deabill,fdeabilldm@ezinearticles.com,Male,960-977-5952,Myanmar,23.05.2022
492,Whitaker,Tesmond,wtesmonddn@psu.edu,Male,156-319-9875,Japan,08.04.2022
493,Victoir,Botwright,vbotwrightdo@trellian.com,Male,686-379-5807,China,19.02.2022
494,Ralf,Domone,rdomonedp@jigsy.com,Male,858-334-1380,Argentina,31.08.2022
495,Archambault,Painten,apaintendq@google.co.jp,Male,321-922-6817,Poland,17.01.2022
496,Leighton,Connelly,lconnellydr@bloomberg.com,Male,664-579-8563,Brazil,13.11.2022
497,Monique,Menzies,mmenziesds@google.com.br,Female,420-145-9025,Belgium,17.02.2022
498,Marga,Berends,mberendsdt@github.io,Female,464-273-8078,Thailand,13.10.2022
499,Joelie,Lamers,jlamersdu@de.vu,Female,658-359-9882,Mexico,16.11.2022
500,Daniele,Chitty,dchittydv@china.com.cn,Female,806-571-5209,Indonesia,18.03.2022
501,Carr,Sich,csichdw@macromedia.com,Male,942-359-7074,Canada,17.10.2022
502,Gisele,Dybell,gdybelldx@buzzfeed.com,Female,284-291-3777,China,06.11.2022
503,Bree,Nussen,bnussendy@arizona.edu,Female,409-425-0423,Ukraine,12.07.2022
504,Mack,Jelf,mjelfdz@imgur.com,Male,174-552-8587,Philippines,16.09.2022
505,Merci,Riep,mriepe0@biglobe.ne.jp,Female,985-762-3445,Russia,11.01.2022
506,Vivianne,Heitz,vheitze1@dmoz.org,Female,250-105-1461,Nigeria,28.12.2021
507,Myrtle,Danielczyk,mdanielczyke2@dion.ne.jp,Female,735-953-8948,Philippines,17.01.2022
508,Bev,De Rye Barrett,bderyebarrette3@wordpress.org,Female,886-959-7615,Ukraine,05.05.2022
509,Bran,Giovanetti,bgiovanettie4@google.co.uk,Male,475-196-2975,Philippines,02.02.2022
510,Philomena,Hamlet,phamlete5@skyrock.com,Female,530-332-2883,Bosnia and Herzegovina,21.06.2022
511,Rea,Tuftin,rtuftine6@ezinearticles.com,Female,269-148-7783,Poland,06.12.2022
512,Allan,Axtonne,aaxtonnee7@plala.or.jp,Genderfluid,745-344-0493,Russia,16.07.2022
513,Maureene,Hollyard,mhollyarde8@nature.com,Female,506-880-3867,Portugal,27.04.2022
514,Margarette,Garwell,mgarwelle9@japanpost.jp,Female,345-765-1588,Czech Republic,04.10.2022
515,Alissa,Hagan,ahaganea@state.tx.us,Female,237-740-6158,France,14.07.2022
516,Les,Ephson,lephsoneb@pinterest.com,Male,238-407-5159,Greece,25.12.2021
517,Sofia,Seres,sseresec@state.tx.us,Female,163-103-5277,Sweden,10.03.2022
518,Eal,Creggan,ecregganed@nasa.gov,Male,742-268-0838,Peru,13.09.2022
519,Marylee,Nunan,mnunanee@walmart.com,Female,151-646-8306,Russia,19.04.2022
520,Alan,Wallach,awallachef@skype.com,Male,397-334-8413,Indonesia,09.05.2022
521,Archibald,Testo,atestoeg@domainmarket.com,Male,961-348-9386,Norway,11.04.2022
522,Siegfried,Roony,sroonyeh@yelp.com,Male,805-436-0503,Canada,27.09.2022
523,Kathie,Mikalski,kmikalskiei@forbes.com,Female,944-313-2099,China,18.06.2022
524,Vernon,Joerning,vjoerningej@addtoany.com,Male,240-761-8780,Indonesia,04.04.2022
525,Banky,Fidal,bfidalek@prlog.org,Male,520-796-5763,Colombia,29.07.2022
526,Jan,Flamank,jflamankel@bing.com,Male,941-660-2128,Liberia,01.09.2022
527,Anatollo,Verdon,averdonem@sakura.ne.jp,Male,736-115-5856,Bulgaria,29.01.2022
528,Marnia,Joy,mjoyen@latimes.com,Female,312-368-6251,France,14.05.2022
529,Anabelle,Wicken,awickeneo@umich.edu,Female,811-151-2686,Bulgaria,03.07.2022
530,Fedora,Grigoletti,fgrigolettiep@mit.edu,Female,400-706-9476,United Kingdom,15.11.2022
531,Levin,Landall,llandalleq@wisc.edu,Male,139-890-9909,Netherlands,29.07.2022
532,Colas,Haggett,chaggetter@ucoz.ru,Male,144-990-7973,Cuba,20.10.2022
533,Alick,Alywin,aalywines@livejournal.com,Male,145-309-5056,Greece,19.03.2022
534,Antoni,Hubeaux,ahubeauxet@comsenz.com,Male,429-148-8627,Sweden,04.09.2022
535,Ferdinand,Muncey,fmunceyeu@hugedomains.com,Male,530-933-4112,China,17.03.2022
536,Allene,Divill,adivillev@vkontakte.ru,Female,761-663-6725,Indonesia,19.06.2022
537,Pattie,Batecok,pbatecokew@hexun.com,Bigender,652-435-4371,Portugal,10.02.2022
538,Farr,Beauchamp,fbeauchampex@qq.com,Polygender,776-994-2711,China,26.01.2022
539,Aldous,Allebone,aalleboneey@webs.com,Male,111-628-1354,Saint Lucia,07.10.2022
540,Jermaine,McClenaghan,jmcclenaghanez@fda.gov,Male,291-499-8946,Indonesia,24.05.2022
541,Tadeas,Ledwitch,tledwitchf0@seesaa.net,Male,431-780-9377,Poland,25.04.2022
542,Dino,Mattiussi,dmattiussif1@list-manage.com,Male,851-716-5435,Bolivia,07.07.2022
543,Emilie,Shevlan,eshevlanf2@i2i.jp,Female,817-186-9906,Indonesia,03.05.2022
544,Zebulon,Parkinson,zparkinsonf3@nymag.com,Male,432-387-8927,Russia,19.02.2022
545,Darrelle,Sail,dsailf4@cam.ac.uk,Female,154-407-7157,Switzerland,31.12.2021
546,Ulberto,Wisker,uwiskerf5@joomla.org,Male,545-604-6909,Portugal,22.03.2022
547,Anya,Twiddy,atwiddyf6@icq.com,Female,683-510-8691,Yemen,08.02.2022
548,Cordelia,Swainsbury,cswainsburyf7@scribd.com,Female,769-498-6557,Dominican Republic,03.04.2022
549,Rafferty,Osant,rosantf8@eventbrite.com,Male,373-723-7319,Macedonia,14.11.2022
550,Margarette,Bau,mbauf9@woothemes.com,Female,647-514-3167,China,06.09.2022
551,Guglielma,Kite,gkitefa@google.ca,Female,876-724-6607,Netherlands,13.04.2022
552,Lorita,Hoggetts,lhoggettsfb@microsoft.com,Female,276-932-6270,South Korea,27.10.2022
553,Maynard,Dackombe,mdackombefc@paypal.com,Male,263-713-6837,China,28.09.2022
554,Aluin,Mulchrone,amulchronefd@i2i.jp,Male,167-571-0455,China,30.06.2022
555,Reiko,Mew,rmewfe@nsw.gov.au,Female,101-684-3987,China,13.10.2022
556,Phyllida,Weller,pwellerff@uiuc.edu,Female,678-761-5283,Sweden,19.08.2022
557,Dalston,Beswick,dbeswickfg@weebly.com,Male,828-845-1584,Zambia,23.04.2022
558,Manon,Hellyer,mhellyerfh@huffingtonpost.com,Female,177-978-8827,Portugal,24.07.2022
559,Garfield,Gresch,ggreschfi@netvibes.com,Male,948-495-7428,South Africa,09.07.2022
560,Rodge,Whenham,rwhenhamfj@lycos.com,Male,219-626-1237,Indonesia,27.03.2022
561,Jeddy,Barabisch,jbarabischfk@ameblo.jp,Male,951-878-9641,Colombia,09.12.2022
562,Georgianne,Derrick,gderrickfl@amazon.com,Female,648-833-4734,China,02.03.2022
563,Pryce,Wagstaff,pwagstafffm@arizona.edu,Male,821-286-9434,Malaysia,16.08.2022
564,Bibby,Chaters,bchatersfn@umn.edu,Female,805-801-3620,Portugal,05.08.2022
565,Rafa,Davidwitz,rdavidwitzfo@netvibes.com,Female,994-839-6726,Sweden,12.08.2022
566,Devin,Scrivener,dscrivenerfp@goo.ne.jp,Male,119-164-8200,Czech Republic,16.07.2022
567,Shea,Wasylkiewicz,swasylkiewiczfq@infoseek.co.jp,Male,750-858-1009,Ukraine,25.03.2022
568,Cherilyn,Ferrolli,cferrollifr@statcounter.com,Female,156-722-3339,Croatia,11.10.2022
569,Adela,Heijnen,aheijnenfs@livejournal.com,Female,296-625-5344,South Africa,14.12.2022
570,Celestine,MacTurlough,cmacturloughft@angelfire.com,Female,715-987-8781,Ukraine,11.12.2022
571,Debera,Tommasetti,dtommasettifu@mail.ru,Female,838-800-7840,Israel,18.09.2022
572,Merell,Vallis,mvallisfv@techcrunch.com,Polygender,660-433-4190,Philippines,02.05.2022
573,Thea,Rampley,trampleyfw@github.io,Genderqueer,676-325-1235,Argentina,27.08.2022
574,Yorke,Waiton,ywaitonfx@state.tx.us,Non-binary,775-775-2272,Costa Rica,25.07.2022
575,Pincas,Diggin,pdigginfy@trellian.com,Male,132-989-0921,China,17.09.2022
576,Cassaundra,Littlecote,clittlecotefz@unesco.org,Polygender,118-505-8039,France,11.02.2022
577,Eleni,Templeman,etemplemang0@tinypic.com,Female,166-712-4595,South Africa,29.07.2022
578,Faunie,Clorley,fclorleyg1@cam.ac.uk,Female,685-699-4393,France,21.06.2022
579,Case,Clemas,cclemasg2@pbs.org,Male,958-512-0529,Yemen,01.11.2022
580,Catherin,Baines,cbainesg3@hhs.gov,Female,700-722-0395,Nigeria,07.11.2022
581,Dick,Drury,ddruryg4@alexa.com,Male,951-717-7399,Indonesia,12.07.2022
582,Josie,Adamson,jadamsong5@wikia.com,Female,996-539-7338,Sri Lanka,07.04.2022
583,Kessiah,Kleinerman,kkleinermang6@is.gd,Female,561-439-4749,Russia,12.11.2022
584,Hana,Tippetts,htippettsg7@fastcompany.com,Female,319-379-4845,China,25.04.2022
585,Gretel,Dagger,gdaggerg8@tripod.com,Female,596-265-0055,Philippines,29.05.2022
586,Bernardina,Ilyin,bilying9@so-net.ne.jp,Female,465-272-5918,Indonesia,04.12.2022
587,Zulema,Brosch,zbroschga@stanford.edu,Female,342-457-7707,Poland,27.10.2022
588,Linnie,Baty,lbatygb@latimes.com,Female,260-917-2385,United States,04.09.2022
589,Bili,Callinan,bcallinangc@ebay.co.uk,Female,190-603-3785,Iran,09.07.2022
590,Dimitry,Entres,dentresgd@tumblr.com,Bigender,429-222-5248,Albania,11.07.2022
591,Kira,Rabbitt,krabbittge@163.com,Female,338-318-4051,Peru,18.11.2022
592,Way,Wight,wwightgf@tripadvisor.com,Male,474-988-3211,Colombia,22.11.2022
593,Jazmin,Rehor,jrehorgg@state.gov,Female,438-588-6466,China,01.09.2022
594,Monte,Daye,mdayegh@dailymail.co.uk,Male,182-455-1191,Indonesia,21.04.2022
595,Calley,Feander,cfeandergi@fda.gov,Female,749-590-0278,Ukraine,17.12.2021
596,Tatiana,Hentze,thentzegj@intel.com,Female,214-887-2015,China,05.03.2022
597,Teodoor,Mulvaney,tmulvaneygk@answers.com,Polygender,440-606-7198,Nigeria,04.07.2022
598,Alphard,Reubens,areubensgl@un.org,Male,634-668-2683,Malaysia,05.09.2022
599,Kin,Pruckner,kprucknergm@biglobe.ne.jp,Male,210-765-3950,Greece,26.03.2022
600,Ulberto,Healing,uhealinggn@wix.com,Male,613-898-2266,Argentina,14.11.2022
601,Bari,Semark,bsemarkgo@vk.com,Female,105-254-2801,Indonesia,28.09.2022
602,Clementina,Gave,cgavegp@dailymotion.com,Female,655-224-5055,Poland,30.09.2022
603,Kirsteni,Izac,kizacgq@tamu.edu,Non-binary,480-579-8332,Greece,23.03.2022
604,Findley,Sherbrook,fsherbrookgr@narod.ru,Male,245-358-1308,Portugal,31.07.2022
605,Dix,Fennelow,dfennelowgs@reuters.com,Female,840-850-5520,Thailand,27.11.2022
606,Robinia,Smalls,rsmallsgt@narod.ru,Female,952-591-8176,Indonesia,31.12.2021
607,Buddie,Gregore,bgregoregu@examiner.com,Male,656-841-7422,China,17.06.2022
608,Dillon,Burroughes,dburroughesgv@howstuffworks.com,Genderfluid,408-533-3727,Indonesia,21.12.2021
609,Calvin,McGonigle,cmcgoniglegw@statcounter.com,Male,920-625-1894,Mozambique,23.12.2021
610,Arv,Fick,afickgx@independent.co.uk,Male,494-561-3452,Guatemala,30.11.2022
611,Carmelle,Ximenez,cximenezgy@gizmodo.com,Non-binary,945-642-9370,Indonesia,07.05.2022
612,Kevan,Egger,keggergz@mtv.com,Male,946-595-0343,Philippines,31.03.2022
613,Neddie,Stryde,nstrydeh0@bloglines.com,Male,459-806-7422,France,21.12.2021
614,Howie,Lawson,hlawsonh1@princeton.edu,Male,645-617-0553,Indonesia,13.04.2022
615,Sydney,Starsmeare,sstarsmeareh2@wp.com,Male,201-831-3521,Nigeria,11.02.2022
616,Torrey,Ellis,tellish3@google.pl,Male,367-864-7335,China,10.04.2022
617,Arvy,Wilne,awilneh4@msu.edu,Male,615-743-8918,Kazakhstan,07.10.2022
618,Gordon,Spino,gspinoh5@dmoz.org,Male,409-229-3406,Norway,29.07.2022
619,Johannah,Rutley,jrutleyh6@photobucket.com,Non-binary,632-394-8632,Philippines,28.04.2022
620,Colas,Bruyntjes,cbruyntjesh7@nbcnews.com,Male,385-698-1852,Indonesia,06.12.2022
621,Adina,Dunkerly,adunkerlyh8@vinaora.com,Female,131-693-1393,China,21.11.2022
622,Kylynn,Norquay,knorquayh9@digg.com,Agender,900-792-4858,Poland,27.09.2022
623,Seamus,Carrier,scarrierha@oakley.com,Male,606-728-2819,Israel,21.04.2022
624,Sibella,Lemm,slemmhb@nasa.gov,Female,717-642-2567,Poland,20.12.2021
625,Arch,Beaves,abeaveshc@icio.us,Male,752-199-4229,China,06.09.2022
626,Ferdie,Stanwix,fstanwixhd@google.co.jp,Male,472-751-6194,Indonesia,23.11.2022
627,Warden,Bruckman,wbruckmanhe@fotki.com,Genderqueer,574-305-0498,Czech Republic,03.11.2022
628,Joelly,Fayre,jfayrehf@opensource.org,Female,202-680-6034,Palestinian Territory,31.10.2022
629,Carlynn,Quye,cquyehg@ibm.com,Female,873-188-3698,China,11.07.2022
630,Aimil,Gontier,agontierhh@cnn.com,Female,647-681-3668,Indonesia,13.05.2022
631,Leyla,Tidey,ltideyhi@gov.uk,Female,530-555-7526,Philippines,11.09.2022
632,Demott,Rings,dringshj@goo.gl,Male,371-171-7734,Russia,26.02.2022
633,Leroi,Nelsen,lnelsenhk@github.com,Bigender,609-504-4624,China,09.10.2022
634,Melody,Browett,mbrowetthl@simplemachines.org,Female,102-976-7615,Poland,04.08.2022
635,Gard,Cudbertson,gcudbertsonhm@ameblo.jp,Male,605-298-0527,Netherlands,13.01.2022
636,Mab,Cutchey,mcutcheyhn@unblog.fr,Female,352-685-5938,Greece,12.10.2022
637,Felisha,Lindemann,flindemannho@nature.com,Female,287-324-8007,China,04.08.2022
638,Rog,Chaudhry,rchaudhryhp@ibm.com,Male,991-815-8048,China,16.10.2022
639,Stefania,Quemby,squembyhq@bigcartel.com,Female,609-436-2820,Russia,26.01.2022
640,Lynda,Stothert,lstotherthr@jigsy.com,Female,938-859-3617,China,26.11.2022
641,Thurstan,Dufer,tduferhs@washingtonpost.com,Genderfluid,434-765-3722,Russia,24.05.2022
642,Jasen,Hutcheson,jhutchesonht@nps.gov,Male,604-141-9334,Russia,23.11.2022
643,Mac,Orniz,mornizhu@sun.com,Non-binary,523-262-3963,Cuba,03.07.2022
644,Gale,Bradnam,gbradnamhv@boston.com,Female,414-382-0473,Brazil,12.05.2022
645,Hank,MacCarlich,hmaccarlichhw@geocities.com,Male,639-746-8051,Russia,03.08.2022
646,Morrie,Dalyell,mdalyellhx@bluehost.com,Male,153-216-4665,Israel,11.05.2022
647,Deloris,MacColgan,dmaccolganhy@hatena.ne.jp,Female,904-674-0619,Peru,23.12.2021
648,Opalina,Beri,oberihz@chronoengine.com,Female,824-349-0648,Moldova,25.10.2022
649,Pren,Barton,pbartoni0@marketwatch.com,Male,512-183-4526,Japan,17.09.2022
650,Padraic,Ruler,pruleri1@wikispaces.com,Male,272-818-1100,Greece,22.11.2022
651,Effie,Drinan,edrinani2@npr.org,Female,857-659-6105,China,09.12.2022
652,Sid,Reynault,sreynaulti3@smh.com.au,Male,224-795-8914,Japan,08.09.2022
653,Noel,Hargraves,nhargravesi4@techcrunch.com,Female,258-988-8129,Nigeria,03.01.2022
654,Gothart,Biggs,gbiggsi5@ning.com,Male,411-366-5896,Nigeria,21.04.2022
655,Carmella,Lawie,clawiei6@npr.org,Non-binary,436-561-8550,Slovenia,12.05.2022
656,Levey,Lyptrit,llyptriti7@dagondesign.com,Male,280-594-7791,Greece,08.11.2022
657,Bat,Sargerson,bsargersoni8@amazon.de,Male,691-999-3462,Bangladesh,21.04.2022
658,Jerrie,Mogford,jmogfordi9@discovery.com,Male,923-969-5969,Afghanistan,19.07.2022
659,Janella,Klimecki,jklimeckiia@google.pl,Female,227-655-7792,Ukraine,17.09.2022
660,Sibella,Falkingham,sfalkinghamib@netscape.com,Non-binary,568-250-3315,South Korea,27.04.2022
661,Genni,Riseborough,griseboroughic@naver.com,Female,624-439-6260,Albania,11.11.2022
662,Janek,Bausmann,jbausmannid@xing.com,Male,676-763-8878,China,08.02.2022
663,Durward,Walster,dwalsterie@wikimedia.org,Male,527-618-9480,Argentina,05.09.2022
664,Andre,Skettles,askettlesif@nyu.edu,Male,844-106-9077,Indonesia,06.08.2022
665,Adriena,Blakes,ablakesig@chronoengine.com,Agender,762-673-5029,Indonesia,06.05.2022
666,Wyatt,Lennie,wlennieih@nsw.gov.au,Genderfluid,706-273-4489,Brazil,08.03.2022
667,Tedd,Maltby,tmaltbyii@cnn.com,Male,707-681-0150,Czech Republic,20.12.2021
668,John,Jirzik,jjirzikij@dailymail.co.uk,Male,276-864-1654,Peru,18.09.2022
669,Thorndike,Boutflour,tboutflourik@mozilla.org,Male,194-142-1499,Peru,03.12.2022
670,Allan,Gresswell,agresswellil@cocolog-nifty.com,Genderqueer,376-914-9666,China,29.01.2022
671,Catharina,Fridd,cfriddim@linkedin.com,Female,921-688-8499,Afghanistan,10.02.2022
672,Moritz,Bannon,mbannonin@is.gd,Male,354-965-0503,Republic of the Congo,29.04.2022
673,Gratiana,Cluley,gcluleyio@google.it,Agender,558-105-7721,China,01.01.2022
674,Merrick,Adamowicz,madamowiczip@seesaa.net,Male,825-566-6288,Colombia,24.05.2022
675,Orion,Goodhew,ogoodhewiq@1und1.de,Male,428-784-6354,Italy,12.09.2022
676,Glenn,Juster,gjusterir@walmart.com,Male,527-202-9496,China,08.12.2022
677,Donnie,Bowich,dbowichis@mapquest.com,Male,980-995-4334,Indonesia,10.09.2022
678,Tiertza,Shimwell,tshimwellit@edublogs.org,Female,408-765-5079,Russia,11.03.2022
679,Mollie,Bristowe,mbristoweiu@rediff.com,Female,985-221-3542,Denmark,05.03.2022
680,Bonita,Somes,bsomesiv@disqus.com,Female,577-377-8276,Indonesia,24.03.2022
681,Fonzie,Rickhuss,frickhussiw@pagesperso-orange.fr,Male,371-273-2914,Yemen,14.03.2022
682,Ragnar,Gariff,rgariffix@skyrock.com,Male,731-978-0233,Mongolia,16.09.2022
683,Kimble,Jacombs,kjacombsiy@loc.gov,Male,642-882-5076,Tanzania,26.07.2022
684,Phillipp,Lutton,pluttoniz@bluehost.com,Male,908-174-6912,South Korea,08.02.2022
685,Robinette,Teasdale-Markie,rteasdalemarkiej0@nhs.uk,Polygender,527-428-3533,China,16.08.2022
686,Cass,Tunny,ctunnyj1@bluehost.com,Male,656-189-9749,France,20.03.2022
687,Anny,Beatens,abeatensj2@google.ru,Female,518-947-5422,Philippines,29.10.2022
688,Thea,Bavridge,tbavridgej3@ask.com,Female,810-887-9780,Indonesia,30.08.2022
689,Cyndie,Lumbly,clumblyj4@unesco.org,Female,193-863-3385,China,21.09.2022
690,Pail,Swinburne,pswinburnej5@ted.com,Male,216-804-1613,Sweden,28.04.2022
691,Burt,Yerrington,byerringtonj6@google.nl,Male,448-251-1730,Indonesia,23.02.2022
692,Deonne,Casellas,dcasellasj7@discovery.com,Female,914-345-9143,China,20.01.2022
693,Annalee,Iredell,airedellj8@hhs.gov,Female,222-547-1655,Indonesia,04.08.2022
694,Abran,Larver,alarverj9@skype.com,Male,991-721-8269,Bosnia and Herzegovina,03.05.2022
695,Bogey,Gaspar,bgasparja@mtv.com,Male,451-697-6253,Argentina,14.10.2022
696,Beret,Hartzog,bhartzogjb@chicagotribune.com,Female,835-729-3041,Thailand,30.12.2021
697,Ethelyn,Winsor,ewinsorjc@pbs.org,Female,314-166-0059,Russia,22.05.2022
698,Allen,Keaves,akeavesjd@google.com,Male,460-803-6614,Brazil,16.07.2022
699,Ettore,Kupke,ekupkeje@reverbnation.com,Male,407-854-7651,Philippines,06.09.2022
700,Kennett,Tebald,ktebaldjf@businesswire.com,Male,582-835-8590,Brazil,07.05.2022
701,Goldie,Dossantos,gdossantosjg@last.fm,Female,903-585-4921,Japan,13.01.2022
702,Porter,Laurant,plaurantjh@guardian.co.uk,Male,871-274-7564,Mexico,24.03.2022
703,Reginald,Stollberger,rstollbergerji@bbb.org,Male,662-559-6888,Peru,21.02.2022
704,Angel,Rignoldes,arignoldesjj@noaa.gov,Male,214-768-1299,United States,04.01.2022
705,Tiffanie,Southby,tsouthbyjk@npr.org,Female,214-757-3927,Georgia,20.06.2022
706,Philomena,McVie,pmcviejl@wp.com,Female,175-307-2651,China,02.12.2022
707,Obediah,Grimes,ogrimesjm@4shared.com,Male,897-111-3625,Russia,31.08.2022
708,Maren,Burgott,mburgottjn@cdc.gov,Female,722-912-0379,Colombia,14.09.2022
709,Simeon,Lowthorpe,slowthorpejo@google.de,Male,979-282-2553,China,28.02.2022
710,Griffin,Gadie,ggadiejp@unc.edu,Male,964-434-4049,Japan,23.03.2022
711,Dedie,Maryska,dmaryskajq@flavors.me,Female,294-127-4163,China,20.09.2022
712,Gnni,Senior,gseniorjr@stanford.edu,Female,811-472-2028,Japan,09.08.2022
713,Raul,Shillitto,rshillittojs@census.gov,Male,967-926-7639,Poland,06.10.2022
714,Shae,Vaggs,svaggsjt@gov.uk,Polygender,510-856-5243,Indonesia,30.01.2022
715,Billy,Sidaway,bsidawayju@storify.com,Male,843-877-2331,Philippines,18.07.2022
716,Jemima,Scotchforth,jscotchforthjv@miitbeian.gov.cn,Female,585-790-2225,United States,14.11.2022
717,Justus,Segges,jseggesjw@npr.org,Male,303-954-3600,United States,22.05.2022
718,Willis,Claibourn,wclaibournjx@about.me,Male,678-311-4143,Brazil,14.01.2022
719,Arvin,Gyurkovics,agyurkovicsjy@google.it,Male,112-146-8700,Canada,23.08.2022
720,Milzie,Mapes,mmapesjz@delicious.com,Female,291-839-2352,China,18.02.2022
721,Hestia,Phelipeau,hphelipeauk0@boston.com,Female,792-372-2772,Indonesia,04.01.2022
722,Nicki,Cinnamond,ncinnamondk1@ihg.com,Female,974-963-4936,Indonesia,10.08.2022
723,Shelli,Horry,shorryk2@yahoo.com,Female,887-469-9496,Argentina,09.05.2022
724,Marian,Sowthcote,msowthcotek3@usda.gov,Female,559-805-4447,Albania,27.08.2022
725,Constancia,McKoy,cmckoyk4@wunderground.com,Female,520-528-8028,United States,05.02.2022
726,Kacey,Metterick,kmetterickk5@canalblog.com,Female,402-147-7125,Indonesia,01.11.2022
727,Marv,Lyddon,mlyddonk6@squarespace.com,Male,361-588-0625,Albania,20.04.2022
728,Somerset,Reicherz,sreicherzk7@berkeley.edu,Male,557-490-9840,Uruguay,31.12.2021
729,Laurel,Chardin,lchardink8@wisc.edu,Female,514-788-0672,China,30.07.2022
730,Colan,Hammerton,chammertonk9@si.edu,Male,761-917-7436,Indonesia,24.12.2021
731,Theo,MacFaell,tmacfaellka@blogspot.com,Genderqueer,516-695-4353,Tajikistan,22.02.2022
732,Mela,Reggler,mregglerkb@so-net.ne.jp,Genderqueer,600-326-0390,Russia,03.07.2022
733,Umberto,Kilbride,ukilbridekc@storify.com,Male,679-568-5451,China,27.08.2022
734,Bradley,Brierly,bbrierlykd@home.pl,Male,403-723-3852,China,24.07.2022
735,Jaye,Gerren,jgerrenke@craigslist.org,Male,724-678-6058,Argentina,23.02.2022
736,Merissa,Worsfield,mworsfieldkf@soundcloud.com,Female,146-962-2705,Peru,07.01.2022
737,Hamel,Wermerling,hwermerlingkg@theguardian.com,Male,413-678-7846,Brazil,26.11.2022
738,Corey,Corran,ccorrankh@senate.gov,Male,212-448-3308,Vietnam,20.08.2022
739,Boony,Leamon,bleamonki@ezinearticles.com,Male,484-906-7559,North Korea,28.12.2021
740,Aksel,McRobb,amcrobbkj@sbwire.com,Male,474-663-8327,Philippines,08.09.2022
741,Eileen,Firle,efirlekk@google.fr,Female,634-673-3511,Sierra Leone,07.08.2022
742,Yale,Vasyatkin,yvasyatkinkl@baidu.com,Genderfluid,528-303-3542,Pakistan,12.12.2022
743,Rina,Haukey,rhaukeykm@cbslocal.com,Female,636-837-4698,Greece,01.07.2022
744,Stephenie,McPhillimey,smcphillimeykn@vinaora.com,Female,969-534-0706,Portugal,24.06.2022
745,Delly,Lyttle,dlyttleko@economist.com,Female,632-200-4767,Ukraine,26.02.2022
746,Bartlett,Riddell,briddellkp@webmd.com,Male,183-579-4938,Japan,24.05.2022
747,Nadine,O'Spillane,nospillanekq@skyrock.com,Female,570-511-9371,Indonesia,04.12.2022
748,Raddie,Wilshin,rwilshinkr@arizona.edu,Male,782-467-3571,Indonesia,17.06.2022
749,Geri,Pomphrey,gpomphreyks@github.com,Male,465-333-1120,Ukraine,16.10.2022
750,Bondon,Hamblyn,bhamblynkt@patch.com,Male,585-407-3058,Indonesia,24.12.2021
751,Cassie,Mar,cmarku@amazon.com,Male,253-980-4449,Philippines,27.03.2022
752,Debbie,Syder,dsyderkv@cafepress.com,Female,935-810-0133,Guinea-Bissau,26.03.2022
753,Sky,Rigts,srigtskw@list-manage.com,Male,154-907-8305,France,28.07.2022
754,Zaneta,Biever,zbieverkx@spiegel.de,Female,121-408-2842,Russia,30.12.2021
755,Mark,Fitzackerley,mfitzackerleyky@w3.org,Male,607-554-6566,Japan,20.09.2022
756,Dolf,Kolodziej,dkolodziejkz@liveinternet.ru,Male,266-904-4196,Guinea-Bissau,13.01.2022
757,Chan,Ballinger,cballingerl0@mozilla.org,Male,633-592-2808,Portugal,24.05.2022
758,Penelopa,Lavies,plaviesl1@yellowpages.com,Female,688-424-3849,Philippines,04.11.2022
759,Verine,Commuzzo,vcommuzzol2@soundcloud.com,Female,923-399-1126,Syria,11.10.2022
760,Melina,Leuren,mleurenl3@salon.com,Female,655-629-9373,Portugal,20.04.2022
761,Clevey,Thorne,cthornel4@prweb.com,Male,624-576-8660,Argentina,19.11.2022
762,Arlinda,Mewha,amewhal5@biblegateway.com,Female,923-992-8091,Argentina,14.04.2022
763,Phaidra,Velde,pveldel6@hatena.ne.jp,Female,265-484-2531,Indonesia,22.12.2021
764,Son,Claw,sclawl7@infoseek.co.jp,Male,238-691-8083,Peru,28.09.2022
765,Forest,Sussans,fsussansl8@hibu.com,Male,477-575-7141,China,12.05.2022
766,Irving,Dripp,idrippl9@wix.com,Male,318-168-3312,Ukraine,19.10.2022
767,Monro,Iaduccelli,miaduccellila@msu.edu,Male,677-619-0172,China,03.01.2022
768,Tracie,Dewis,tdewislb@ning.com,Female,983-189-8194,Thailand,17.03.2022
769,Elie,MacDougal,emacdougallc@eepurl.com,Female,208-781-6819,Peru,17.05.2022
770,Kurt,Falshaw,kfalshawld@mapquest.com,Male,729-521-5680,Albania,02.08.2022
771,Bailie,Gipson,bgipsonle@merriam-webster.com,Male,738-166-5672,Brazil,30.06.2022
772,Estell,De Filippis,edefilippislf@163.com,Female,540-472-0485,South Korea,07.07.2022
773,Jaynell,Demke,jdemkelg@blogger.com,Genderqueer,415-238-6673,Indonesia,24.08.2022
774,Rica,Benardeau,rbenardeaulh@google.fr,Female,494-593-3221,Russia,20.01.2022
775,Isaak,Skidmore,iskidmoreli@apache.org,Male,819-702-3582,Russia,03.11.2022
776,Port,Osmar,posmarlj@github.io,Male,403-243-2328,Indonesia,06.06.2022
777,Amabel,Teasell,ateaselllk@chron.com,Female,664-179-4366,China,17.02.2022
778,Marcelia,Yarmouth,myarmouthll@princeton.edu,Female,240-431-2938,Poland,18.06.2022
779,Morly,Tourville,mtourvillelm@chicagotribune.com,Non-binary,649-137-9304,Philippines,27.02.2022
780,Rusty,Stolte,rstolteln@ifeng.com,Male,612-257-2857,France,30.03.2022
781,Sarine,Barron,sbarronlo@indiatimes.com,Non-binary,120-177-5158,China,16.12.2021
782,Tanney,Wittering,twitteringlp@goo.gl,Male,601-990-0932,Indonesia,21.12.2021
783,Hilda,Herrieven,hherrievenlq@theguardian.com,Female,324-892-0127,Peru,11.01.2022
784,Cris,Biggam,cbiggamlr@china.com.cn,Male,714-277-1403,China,21.05.2022
785,Wilona,Holtum,wholtumls@dell.com,Female,630-781-6592,Thailand,25.01.2022
786,Carmel,Revely,crevelylt@t-online.de,Female,257-806-2464,Mongolia,19.04.2022
787,Robin,Golton,rgoltonlu@mail.ru,Genderfluid,505-104-5669,Saint Kitts and Nevis,14.09.2022
788,Reagan,Giacovazzo,rgiacovazzolv@yandex.ru,Male,379-558-2412,Tanzania,12.12.2022
789,Rozamond,Burgon,rburgonlw@feedburner.com,Female,641-848-2936,Czech Republic,19.07.2022
790,Nedda,Czajka,nczajkalx@infoseek.co.jp,Female,424-222-3922,Dominican Republic,14.04.2022
791,Adam,Samples,asamplesly@apple.com,Male,661-352-9773,Indonesia,12.10.2022
792,Siusan,Clemo,sclemolz@lulu.com,Female,671-283-2982,Afghanistan,16.12.2021
793,Elihu,Burges,eburgesm0@netscape.com,Male,732-160-6683,Portugal,11.07.2022
794,Alys,Ebdon,aebdonm1@cdbaby.com,Agender,668-622-7462,Indonesia,06.09.2022
795,Jereme,Donlon,jdonlonm2@cargocollective.com,Non-binary,997-834-9462,Latvia,25.10.2022
796,Dugald,Antosch,dantoschm3@hp.com,Male,467-691-0850,China,07.04.2022
797,Chaddy,Sepey,csepeym4@privacy.gov.au,Male,371-794-7642,Estonia,07.06.2022
798,Peder,Kerss,pkerssm5@prnewswire.com,Male,659-440-7617,Malaysia,09.01.2022
799,Heindrick,Amber,hamberm6@networksolutions.com,Male,887-866-3596,Canada,21.01.2022
800,Dirk,Wadhams,dwadhamsm7@yellowpages.com,Male,350-266-9025,Cuba,10.02.2022
801,Chris,Wince,cwincem8@comcast.net,Male,731-924-1566,Poland,29.06.2022
802,Mary,Fetters,mfettersm9@mit.edu,Female,474-529-7668,Syria,24.07.2022
803,Jemmie,Hunting,jhuntingma@cdbaby.com,Female,956-596-5905,China,05.07.2022
804,Skylar,Lamble,slamblemb@edublogs.org,Male,906-449-4207,China,04.12.2022
805,Trefor,Snasel,tsnaselmc@free.fr,Male,342-352-4012,Japan,30.01.2022
806,Dari,Brambell,dbrambellmd@drupal.org,Female,114-687-4462,Indonesia,29.03.2022
807,Alameda,Hritzko,ahritzkome@bizjournals.com,Female,197-464-7536,Russia,31.01.2022
808,Luca,Gocher,lgochermf@yellowbook.com,Non-binary,835-929-5439,China,03.02.2022
809,Hodge,MacFall,hmacfallmg@comcast.net,Male,823-165-8644,Indonesia,09.08.2022
810,Padraic,Konneke,pkonnekemh@google.co.jp,Male,416-112-4011,Russia,09.03.2022
811,Edna,Pilbury,epilburymi@java.com,Genderqueer,504-828-0423,United States,15.01.2022
812,Cristine,Braunton,cbrauntonmj@europa.eu,Female,430-645-0827,Pakistan,05.07.2022
813,Lorianne,Taffurelli,ltaffurellimk@so-net.ne.jp,Female,528-308-2498,Russia,24.03.2022
814,Stanton,Stille,sstilleml@bbb.org,Male,653-778-2315,Portugal,26.05.2022
815,Dallon,Snipe,dsnipemm@scribd.com,Male,209-602-6537,Mexico,16.09.2022
816,Carolee,McKerlie,cmckerliemn@cmu.edu,Female,289-537-1986,Philippines,06.04.2022
817,Dorree,Klainman,dklainmanmo@dot.gov,Agender,718-617-3630,Russia,15.08.2022
818,Misty,Windas,mwindasmp@cocolog-nifty.com,Female,936-293-9779,Italy,19.05.2022
819,Hynda,Josilowski,hjosilowskimq@e-recht24.de,Genderfluid,344-469-6234,Spain,12.07.2022
820,Fabiano,Alishoner,falishonermr@yahoo.co.jp,Male,517-688-2936,Portugal,17.04.2022
821,Eirena,Dilon,edilonms@yahoo.com,Polygender,951-457-5617,China,02.02.2022
822,Jamison,Sappy,jsappymt@google.it,Male,558-118-4572,Russia,15.04.2022
823,Case,Deehan,cdeehanmu@google.ca,Male,992-245-5668,Afghanistan,01.08.2022
824,Ora,Tansill,otansillmv@fema.gov,Female,473-157-4540,China,27.08.2022
825,Stearn,Paulillo,spaulillomw@state.gov,Male,239-864-2776,Iran,16.06.2022
826,Husein,Fitzsymonds,hfitzsymondsmx@mlb.com,Non-binary,972-727-4439,United States,08.02.2022
827,Berte,Spon,bsponmy@bloglovin.com,Female,378-205-5430,Japan,23.11.2022
828,Amalita,Linfield,alinfieldmz@desdev.cn,Female,783-336-0254,China,01.07.2022
829,Weidar,Andriuzzi,wandriuzzin0@ted.com,Male,747-945-5960,Burkina Faso,30.08.2022
830,Shay,Joules,sjoulesn1@house.gov,Female,108-193-7403,Russia,11.03.2022
831,Anson,Catteroll,acatterolln2@imgur.com,Male,518-327-5509,New Zealand,24.05.2022
832,Georgetta,Dable,gdablen3@bravesites.com,Female,781-809-6918,Poland,08.03.2022
833,Cointon,Rishworth,crishworthn4@ed.gov,Male,859-983-6432,Philippines,13.06.2022
834,Yasmeen,Hanscomb,yhanscombn5@xing.com,Female,708-606-8566,Tunisia,28.04.2022
835,Stern,Orto,sorton6@yahoo.co.jp,Male,145-966-1852,Jordan,23.03.2022
836,Sid,Ivashov,sivashovn7@howstuffworks.com,Male,225-278-3524,El Salvador,08.08.2022
837,Adara,Ithell,aithelln8@google.de,Female,816-928-1849,Nigeria,19.07.2022
838,Urbano,Gariff,ugariffn9@un.org,Male,373-831-2039,Armenia,22.12.2021
839,Gertie,Rassmann,grassmannna@chron.com,Female,357-627-1613,Guatemala,13.02.2022
840,Cyril,Ivshin,civshinnb@imdb.com,Non-binary,837-744-1917,Portugal,08.04.2022
841,Issiah,McKenna,imckennanc@census.gov,Male,481-590-0165,France,07.08.2022
842,Nicolea,Drohan,ndrohannd@princeton.edu,Female,432-163-7243,China,09.04.2022
843,Briant,Rylstone,brylstonene@ca.gov,Male,835-575-7117,China,21.05.2022
844,Fiorenze,Tippetts,ftippettsnf@gnu.org,Genderqueer,419-969-0561,Madagascar,13.12.2022
845,Ann,Stearndale,astearndaleng@unblog.fr,Female,492-378-3151,North Korea,05.03.2022
846,Standford,Gidman,sgidmannh@usatoday.com,Male,202-930-3627,United States,06.12.2022
847,Kellby,Cisco,kcisconi@vistaprint.com,Male,159-899-6341,China,31.03.2022
848,Grete,Strapp,gstrappnj@hp.com,Female,214-121-2468,Russia,03.01.2022
849,Janey,Watkin,jwatkinnk@ucla.edu,Female,453-331-4362,Portugal,29.04.2022
850,Othelia,Jowitt,ojowittnl@squarespace.com,Polygender,663-964-5680,Ukraine,14.01.2022
851,Mil,Jefferys,mjefferysnm@wp.com,Female,520-873-0692,Russia,01.12.2022
852,Madelin,Medcalf,mmedcalfnn@de.vu,Female,905-889-5405,Russia,09.07.2022
853,Jo ann,Rycraft,jrycraftno@chronoengine.com,Female,537-173-8728,Philippines,22.09.2022
854,Webb,Ivashinnikov,wivashinnikovnp@unesco.org,Male,256-290-0624,Yemen,14.08.2022
855,Lorry,Jirousek,ljirouseknq@craigslist.org,Genderfluid,914-102-3396,China,08.09.2022
856,Osbert,Boutcher,oboutchernr@wired.com,Male,803-170-2451,Colombia,22.03.2022
857,Anson,Woodsford,awoodsfordns@weebly.com,Male,195-987-0675,China,28.11.2022
858,Jozef,Bolliver,jbollivernt@google.ca,Male,570-367-0465,China,27.09.2022
859,Cyrus,Kiddey,ckiddeynu@github.com,Male,621-328-9978,Greece,06.09.2022
860,Torry,Munkley,tmunkleynv@myspace.com,Male,658-287-1955,Hungary,11.07.2022
861,Reinhold,Gerard,rgerardnw@redcross.org,Male,965-784-2422,Honduras,17.10.2022
862,Kare,Obin,kobinnx@linkedin.com,Female,620-327-3578,Brazil,07.06.2022
863,Deanne,Laxe,dlaxeny@dailymotion.com,Female,824-168-5108,China,21.04.2022
864,Aimee,Jeandillou,ajeandillounz@acquirethisname.com,Female,738-780-1007,China,05.03.2022
865,Waiter,Trodler,wtrodlero0@springer.com,Male,868-512-7884,Zambia,01.05.2022
866,Catherin,Hulstrom,chulstromo1@booking.com,Female,855-373-9409,Philippines,04.04.2022
867,Tan,Capner,tcapnero2@hostgator.com,Bigender,168-113-6080,Indonesia,18.06.2022
868,Lynn,Cossington,lcossingtono3@nps.gov,Female,781-565-1099,United States,06.02.2022
869,Lee,Heugh,lheugho4@tumblr.com,Male,842-602-3206,Indonesia,12.06.2022
870,Ferrel,Henrichs,fhenrichso5@amazon.co.uk,Male,750-750-6286,Brazil,02.04.2022
871,Wheeler,Tumelty,wtumeltyo6@wikipedia.org,Male,141-576-5144,South Korea,23.08.2022
872,Crissy,Allsep,callsepo7@virginia.edu,Female,363-423-2649,Czech Republic,20.03.2022
873,Karel,Trumper,ktrumpero8@spotify.com,Male,773-576-6794,China,23.03.2022
874,Martyn,Meddows,mmeddowso9@google.co.uk,Male,333-581-4630,France,10.02.2022
875,Valera,McCleverty,vmcclevertyoa@etsy.com,Female,193-346-5463,Sweden,28.12.2021
876,Clair,Peppin,cpeppinob@gov.uk,Agender,553-982-7942,Italy,30.10.2022
877,Jerry,Tooting,jtootingoc@tuttocitta.it,Female,644-767-6880,Indonesia,07.06.2022
878,Koralle,Fantin,kfantinod@exblog.jp,Female,202-315-9591,China,25.07.2022
879,Matthus,Ryal,mryaloe@google.pl,Male,555-267-1645,Russia,26.02.2022
880,Bebe,Pargetter,bpargetterof@dyndns.org,Female,801-649-6377,Venezuela,22.12.2021
881,Floyd,Brittles,fbrittlesog@yellowbook.com,Male,375-957-8398,Canada,19.07.2022
882,Muhammad,Yepiskopov,myepiskopovoh@sphinn.com,Male,260-169-9994,Philippines,25.05.2022
883,Allan,Headey,aheadeyoi@scientificamerican.com,Male,199-302-1788,Indonesia,12.06.2022
884,Faythe,Runciman,fruncimanoj@bbc.co.uk,Female,361-522-0786,Indonesia,15.08.2022
885,Herc,Mulbry,hmulbryok@zdnet.com,Male,610-627-2920,Thailand,29.03.2022
886,Dulcea,Jess,djessol@is.gd,Female,414-424-3511,China,08.06.2022
887,Gregor,Hadwick,ghadwickom@nbcnews.com,Male,859-773-2264,Philippines,13.11.2022
888,Sauveur,Gamon,sgamonon@newsvine.com,Male,142-524-5911,Cuba,25.06.2022
889,Karolina,Nairne,knairneoo@csmonitor.com,Female,417-688-1171,Indonesia,14.02.2022
890,Patrick,Antill,pantillop@weebly.com,Male,190-220-9472,Indonesia,06.12.2022
891,Georgi,Pease,gpeaseoq@google.fr,Male,625-602-8642,Philippines,05.11.2022
892,Shem,Murrish,smurrishor@skyrock.com,Male,613-267-8037,Indonesia,20.09.2022
893,Paxton,Morforth,pmorforthos@elpais.com,Male,432-443-0766,Poland,10.04.2022
894,Lewie,MacBain,lmacbainot@hexun.com,Male,887-568-4976,Indonesia,07.10.2022
895,Felizio,Kopisch,fkopischou@alexa.com,Polygender,315-545-5678,Libya,04.03.2022
896,Jefferey,Kauscher,jkauscherov@bloglovin.com,Male,863-548-4339,China,21.05.2022
897,Eachelle,Beaumont,ebeaumontow@businessweek.com,Female,545-203-0250,China,02.10.2022
898,Sherie,Izkovitch,sizkovitchox@rediff.com,Female,925-548-6686,Indonesia,14.01.2022
899,Grete,Bent,gbentoy@mtv.com,Polygender,258-158-7692,Aruba,19.01.2022
900,Cullan,Baison,cbaisonoz@reuters.com,Non-binary,918-737-0941,United States,11.06.2022
901,Elden,Hankin,ehankinp0@wufoo.com,Male,620-493-0696,Indonesia,13.07.2022
902,Jordana,Scally,jscallyp1@walmart.com,Female,883-250-3455,France,14.08.2022
903,Chery,Wiggall,cwiggallp2@nbcnews.com,Polygender,869-702-7095,Sweden,29.09.2022
904,Pedro,Bremen,pbremenp3@slideshare.net,Male,903-405-8342,Sweden,27.12.2021
905,Candie,Boundy,cboundyp4@unblog.fr,Female,722-885-0433,Philippines,16.02.2022
906,Madella,Matteo,mmatteop5@va.gov,Female,915-118-7247,Argentina,29.07.2022
907,Erny,D'Onise,edonisep6@bbc.co.uk,Bigender,671-594-3610,Czech Republic,13.11.2022
908,Barri,Fellibrand,bfellibrandp7@house.gov,Male,801-258-3156,Philippines,10.08.2022
909,Alicia,Botterman,abottermanp8@netlog.com,Female,583-104-2738,Indonesia,27.06.2022
910,Templeton,Malloy,tmalloyp9@google.es,Male,258-119-8554,China,06.06.2022
911,Sylvia,Valler,svallerpa@delicious.com,Genderfluid,387-181-6898,Bolivia,31.03.2022
912,Tyrone,Imesson,timessonpb@slideshare.net,Male,594-398-6346,Indonesia,11.07.2022
913,Benton,Elflain,belflainpc@paginegialle.it,Male,492-119-0099,China,11.02.2022
914,Anstice,Cansdell,acansdellpd@economist.com,Female,443-375-0362,Honduras,25.11.2022
915,Codi,McKim,cmckimpe@seesaa.net,Female,-393-3527,United States,10.01.2022
916,Gottfried,Westrey,gwestreypf@t-online.de,Male,979-121-6246,Honduras,13.07.2022
917,Amby,Pentland,apentlandpg@bravesites.com,Male,186-853-3766,United Arab Emirates,08.08.2022
918,Aeriela,Errington,aerringtonph@hatena.ne.jp,Female,874-964-0338,Serbia,02.10.2022
919,Dniren,Oxberry,doxberrypi@columbia.edu,Female,158-497-5338,Japan,26.02.2022
920,Zorana,MacAree,zmacareepj@e-recht24.de,Female,217-279-4245,Canada,01.11.2022
921,Leslie,Corfield,lcorfieldpk@home.pl,Male,919-646-8888,Colombia,20.08.2022
922,Olivier,McEnteggart,omcenteggartpl@angelfire.com,Male,606-930-3191,China,16.03.2022
923,Travis,Bulfoot,tbulfootpm@ow.ly,Male,748-498-2710,Ethiopia,25.03.2022
924,Raf,Bernardeau,rbernardeaupn@jimdo.com,Female,923-672-5932,Poland,18.09.2022
925,Amara,Musgrave,amusgravepo@uol.com.br,Female,929-959-2247,Sweden,30.04.2022
926,Brandtr,Docket,bdocketpp@shop-pro.jp,Male,917-139-5676,Mongolia,21.02.2022
927,Sher,Cufley,scufleypq@nih.gov,Agender,939-611-0303,Greece,28.02.2022
928,Udall,Pilsbury,upilsburypr@dagondesign.com,Male,260-133-6888,Dominican Republic,11.03.2022
929,Alexander,McNelly,amcnellyps@homestead.com,Male,774-269-2978,Macedonia,28.12.2021
930,Mildred,Rohlfs,mrohlfspt@goodreads.com,Genderfluid,746-402-1745,China,13.10.2022
931,Miner,Nannini,mnanninipu@hc360.com,Male,475-828-4280,China,20.09.2022
932,Danika,Shepton,dsheptonpv@mapquest.com,Female,530-882-8815,Russia,31.01.2022
933,Virginia,Caitlin,vcaitlinpw@biglobe.ne.jp,Female,760-122-0848,Bosnia and Herzegovina,27.09.2022
934,Ethe,Prest,eprestpx@businessweek.com,Male,862-290-3452,Portugal,26.11.2022
935,Fidelio,McGuffog,fmcguffogpy@artisteer.com,Male,926-842-2620,Benin,26.06.2022
936,Aubert,Caddell,acaddellpz@msu.edu,Male,551-375-3922,Indonesia,14.02.2022
937,Burg,Yvon,byvonq0@psu.edu,Male,752-349-0677,China,11.08.2022
938,Marlo,Brimmacombe,mbrimmacombeq1@liveinternet.ru,Female,751-435-1656,Russia,19.02.2022
939,Cordie,Reis,creisq2@earthlink.net,Female,827-219-0545,Afghanistan,12.12.2022
940,Shirley,Souza,ssouzaq3@elegantthemes.com,Polygender,262-272-1789,Chad,01.06.2022
941,Hugues,Dendle,hdendleq4@360.cn,Male,979-581-7076,China,09.11.2022
942,Dell,Dumbar,ddumbarq5@census.gov,Female,419-350-9449,China,25.05.2022
943,Mimi,Message,mmessageq6@telegraph.co.uk,Genderfluid,109-486-0455,China,25.10.2022
944,Christine,Kinmond,ckinmondq7@sciencedirect.com,Female,969-825-9073,Pakistan,07.06.2022
945,Welsh,Bazire,wbazireq8@yelp.com,Male,914-843-9915,Russia,28.02.2022
946,Marshall,Bassill,mbassillq9@stanford.edu,Male,107-773-2181,Canada,22.11.2022
947,Teddy,Benham,tbenhamqa@biglobe.ne.jp,Non-binary,412-141-4427,Russia,29.10.2022
948,Ernst,Brentnall,ebrentnallqb@abc.net.au,Male,625-372-6860,China,20.02.2022
949,Torrey,Denning,tdenningqc@qq.com,Male,235-750-2171,Syria,17.01.2022
950,Sylvan,Blacker,sblackerqd@redcross.org,Male,570-304-3207,Uganda,08.09.2022
951,Kerri,Gilyott,kgilyottqe@accuweather.com,Female,734-764-6236,China,24.07.2022
952,Lorne,Kelland,lkellandqf@ihg.com,Female,346-527-9652,China,31.03.2022
953,Linnell,Power,lpowerqg@creativecommons.org,Female,953-191-0536,Argentina,30.10.2022
954,Jeff,Solomonides,jsolomonidesqh@studiopress.com,Male,775-822-0029,United States,01.05.2022
955,Anatola,Croasdale,acroasdaleqi@msu.edu,Agender,210-236-6738,Indonesia,24.11.2022
956,Stirling,Bengall,sbengallqj@house.gov,Polygender,584-336-3646,Yemen,31.07.2022
957,Phip,Gainsford,pgainsfordqk@typepad.com,Male,931-541-1446,Philippines,07.12.2022
958,Ethelind,Minthorpe,eminthorpeql@youtube.com,Female,373-354-0061,Indonesia,08.06.2022
959,Cull,Tewkesberrie,ctewkesberrieqm@sina.com.cn,Male,911-477-0146,Argentina,13.03.2022
960,Donavon,Collar,dcollarqn@senate.gov,Male,952-380-1161,China,30.03.2022
961,Juliann,Prawle,jprawleqo@npr.org,Female,417-882-9197,China,22.08.2022
962,Michaela,McGonnell,mmcgonnellqp@macromedia.com,Female,601-413-0242,China,07.12.2022
963,Rhona,Merrigan,rmerriganqq@istockphoto.com,Female,806-641-2401,China,02.01.2022
964,Elston,Indruch,eindruchqr@mozilla.com,Male,897-425-0695,Brazil,29.06.2022
965,Hewe,Grimbleby,hgrimblebyqs@imageshack.us,Male,661-111-8854,Japan,31.03.2022
966,Mariska,Greenshields,mgreenshieldsqt@themeforest.net,Polygender,277-198-1216,China,27.01.2022
967,Tedd,Shemilt,tshemiltqu@nbcnews.com,Male,353-457-7401,Thailand,09.01.2022
968,Sheri,Habishaw,shabishawqv@usatoday.com,Genderqueer,587-459-7577,Bosnia and Herzegovina,06.08.2022
969,Shepard,Crottagh,scrottaghqw@freewebs.com,Polygender,339-336-4816,Dominican Republic,18.05.2022
970,Jeni,Trewhitt,jtrewhittqx@geocities.jp,Female,656-266-8143,Brazil,13.02.2022
971,Maris,Abbs,mabbsqy@twitter.com,Female,334-740-9100,Russia,26.01.2022
972,Bibby,Cutbirth,bcutbirthqz@xinhuanet.com,Female,986-883-4222,Portugal,12.09.2022
973,Porty,Jowling,pjowlingr0@telegraph.co.uk,Agender,416-169-3883,France,02.12.2022
974,Francisca,Striker,fstrikerr1@bloglovin.com,Bigender,331-379-9709,Nigeria,16.05.2022
975,Knox,Morphew,kmorphewr2@redcross.org,Male,638-174-6497,Portugal,27.11.2022
976,Betta,Hendricks,bhendricksr3@devhub.com,Female,412-538-2877,Ireland,03.02.2022
977,Donica,Lidyard,dlidyardr4@hatena.ne.jp,Female,405-735-0055,United States,04.11.2022
978,Cassie,Chedzoy,cchedzoyr5@soundcloud.com,Non-binary,427-115-3284,Thailand,04.05.2022
979,Court,Torri,ctorrir6@tripod.com,Male,441-820-6781,Indonesia,05.06.2022
980,Kerri,Arkcoll,karkcollr7@cpanel.net,Female,983-148-6228,Greece,14.02.2022
981,Modestia,Braunstein,mbraunsteinr8@digg.com,Female,923-881-8721,Belarus,05.10.2022
982,Cristal,Hayball,chayballr9@marketwatch.com,Female,823-283-8602,Afghanistan,05.11.2022
983,Perry,Emerson,pemersonra@sciencedirect.com,Male,559-551-8146,China,16.05.2022
984,Gaspard,Belliard,gbelliardrb@thetimes.co.uk,Male,443-361-8550,Czech Republic,16.02.2022
985,Barney,Vooght,bvooghtrc@sciencedirect.com,Male,250-435-7493,Philippines,06.05.2022
986,Moise,Hudleston,mhudlestonrd@accuweather.com,Male,180-685-2951,Russia,19.06.2022
987,Fonz,Quipp,fquippre@ibm.com,Male,725-977-6052,China,12.07.2022
988,Tabbitha,Patterfield,tpatterfieldrf@china.com.cn,Female,621-942-4807,Philippines,25.10.2022
989,Walker,Kearney,wkearneyrg@archive.org,Male,604-130-5979,Portugal,23.06.2022
990,Karna,Horry,khorryrh@nasa.gov,Female,542-629-8443,Afghanistan,05.07.2022
991,Jennine,Guinery,jguineryri@umn.edu,Genderfluid,174-227-8630,China,30.10.2022
992,Gertrud,Cotterell,gcotterellrj@twitpic.com,Female,492-877-4497,Iran,12.02.2022
993,Steven,Grigorey,sgrigoreyrk@godaddy.com,Male,979-958-6334,American Samoa,24.04.2022
994,Dasie,Isac,disacrl@independent.co.uk,Female,773-878-6358,Indonesia,11.10.2022
995,Myrvyn,Colam,mcolamrm@jalbum.net,Genderfluid,693-646-6546,France,15.09.2022
996,Del,Bridgett,dbridgettrn@acquirethisname.com,Polygender,878-323-5561,Tanzania,10.07.2022
997,Melisent,Durman,mdurmanro@mashable.com,Female,175-946-4492,Kazakhstan,24.12.2021
998,Lorrie,Lemery,llemeryrp@live.com,Agender,835-848-5801,Russia,20.07.2022
999,Vivie,Blondell,vblondellrq@tuttocitta.it,Female,757-417-7353,United States,17.10.2022
1000,Kienan,Pulbrook,kpulbrookrr@icio.us,Male,194-451-6322,Honduras,17.02.2022
